url,commit,rule_key,crash,num_violations_before,num_violations_after,num_performed_repairs,num_crashed_repairs,num_successful_repairs,num_failed_repairs
https://github.com/3breadt/dd-plist.git,91f8ba7fd92a9a503484a540e5fd3e03f411d98a,1217,False,0,0,0,0,0,0
https://github.com/3breadt/dd-plist.git,91f8ba7fd92a9a503484a540e5fd3e03f411d98a,1444,False,0,0,0,0,0,0
https://github.com/3breadt/dd-plist.git,91f8ba7fd92a9a503484a540e5fd3e03f411d98a,1656,False,0,0,0,0,0,0
https://github.com/3breadt/dd-plist.git,91f8ba7fd92a9a503484a540e5fd3e03f411d98a,1854,False,3,0,3,0,3,0
https://github.com/3breadt/dd-plist.git,91f8ba7fd92a9a503484a540e5fd3e03f411d98a,1860,False,0,0,0,0,0,0
https://github.com/3breadt/dd-plist.git,91f8ba7fd92a9a503484a540e5fd3e03f411d98a,1948,False,0,0,0,0,0,0
https://github.com/3breadt/dd-plist.git,91f8ba7fd92a9a503484a540e5fd3e03f411d98a,2057,False,0,0,0,0,0,0
https://github.com/3breadt/dd-plist.git,91f8ba7fd92a9a503484a540e5fd3e03f411d98a,2095,False,4,0,4,0,4,0
https://github.com/3breadt/dd-plist.git,91f8ba7fd92a9a503484a540e5fd3e03f411d98a,2111,False,0,0,0,0,0,0
https://github.com/3breadt/dd-plist.git,91f8ba7fd92a9a503484a540e5fd3e03f411d98a,2116,False,0,0,0,0,0,0
https://github.com/3breadt/dd-plist.git,91f8ba7fd92a9a503484a540e5fd3e03f411d98a,2142,False,0,0,0,0,0,0
https://github.com/3breadt/dd-plist.git,91f8ba7fd92a9a503484a540e5fd3e03f411d98a,2164,False,0,0,0,0,0,0
https://github.com/3breadt/dd-plist.git,91f8ba7fd92a9a503484a540e5fd3e03f411d98a,2167,False,0,0,0,0,0,0
https://github.com/3breadt/dd-plist.git,91f8ba7fd92a9a503484a540e5fd3e03f411d98a,2184,False,0,0,0,0,0,0
https://github.com/3breadt/dd-plist.git,91f8ba7fd92a9a503484a540e5fd3e03f411d98a,2204,False,0,0,0,0,0,0
https://github.com/3breadt/dd-plist.git,91f8ba7fd92a9a503484a540e5fd3e03f411d98a,2225,False,0,0,0,0,0,0
https://github.com/3breadt/dd-plist.git,91f8ba7fd92a9a503484a540e5fd3e03f411d98a,2272,False,0,0,0,0,0,0
https://github.com/3breadt/dd-plist.git,91f8ba7fd92a9a503484a540e5fd3e03f411d98a,2755,False,0,0,0,0,0,0
https://github.com/3breadt/dd-plist.git,91f8ba7fd92a9a503484a540e5fd3e03f411d98a,3032,False,0,0,0,0,0,0
https://github.com/3breadt/dd-plist.git,91f8ba7fd92a9a503484a540e5fd3e03f411d98a,3067,False,0,0,0,0,0,0
https://github.com/3breadt/dd-plist.git,91f8ba7fd92a9a503484a540e5fd3e03f411d98a,3984,False,0,0,0,0,0,0
https://github.com/3breadt/dd-plist.git,91f8ba7fd92a9a503484a540e5fd3e03f411d98a,4973,False,0,0,0,0,0,0
https://github.com/DanielYWoo/fast-object-pool.git,60b68bc82f089bd3905243caad58d631d842fd87,1217,False,0,0,0,0,0,0
https://github.com/DanielYWoo/fast-object-pool.git,60b68bc82f089bd3905243caad58d631d842fd87,1444,False,0,0,0,0,0,0
https://github.com/DanielYWoo/fast-object-pool.git,60b68bc82f089bd3905243caad58d631d842fd87,1656,False,0,0,0,0,0,0
https://github.com/DanielYWoo/fast-object-pool.git,60b68bc82f089bd3905243caad58d631d842fd87,1854,False,0,0,0,0,0,0
https://github.com/DanielYWoo/fast-object-pool.git,60b68bc82f089bd3905243caad58d631d842fd87,1860,False,0,0,0,0,0,0
https://github.com/DanielYWoo/fast-object-pool.git,60b68bc82f089bd3905243caad58d631d842fd87,1948,False,0,0,0,0,0,0
https://github.com/DanielYWoo/fast-object-pool.git,60b68bc82f089bd3905243caad58d631d842fd87,2057,False,0,0,0,0,0,0
https://github.com/DanielYWoo/fast-object-pool.git,60b68bc82f089bd3905243caad58d631d842fd87,2095,False,0,0,0,0,0,0
https://github.com/DanielYWoo/fast-object-pool.git,60b68bc82f089bd3905243caad58d631d842fd87,2111,False,0,0,0,0,0,0
https://github.com/DanielYWoo/fast-object-pool.git,60b68bc82f089bd3905243caad58d631d842fd87,2116,False,0,0,0,0,0,0
https://github.com/DanielYWoo/fast-object-pool.git,60b68bc82f089bd3905243caad58d631d842fd87,2142,False,7,0,7,0,7,0
https://github.com/DanielYWoo/fast-object-pool.git,60b68bc82f089bd3905243caad58d631d842fd87,2164,False,0,0,0,0,0,0
https://github.com/DanielYWoo/fast-object-pool.git,60b68bc82f089bd3905243caad58d631d842fd87,2167,False,0,0,0,0,0,0
https://github.com/DanielYWoo/fast-object-pool.git,60b68bc82f089bd3905243caad58d631d842fd87,2184,False,0,0,0,0,0,0
https://github.com/DanielYWoo/fast-object-pool.git,60b68bc82f089bd3905243caad58d631d842fd87,2204,False,0,0,0,0,0,0
https://github.com/DanielYWoo/fast-object-pool.git,60b68bc82f089bd3905243caad58d631d842fd87,2225,False,0,0,0,0,0,0
https://github.com/DanielYWoo/fast-object-pool.git,60b68bc82f089bd3905243caad58d631d842fd87,2272,False,0,0,0,0,0,0
https://github.com/DanielYWoo/fast-object-pool.git,60b68bc82f089bd3905243caad58d631d842fd87,2755,False,0,0,0,0,0,0
https://github.com/DanielYWoo/fast-object-pool.git,60b68bc82f089bd3905243caad58d631d842fd87,3032,False,0,0,0,0,0,0
https://github.com/DanielYWoo/fast-object-pool.git,60b68bc82f089bd3905243caad58d631d842fd87,3067,False,0,0,0,0,0,0
https://github.com/DanielYWoo/fast-object-pool.git,60b68bc82f089bd3905243caad58d631d842fd87,3984,False,0,0,0,0,0,0
https://github.com/DanielYWoo/fast-object-pool.git,60b68bc82f089bd3905243caad58d631d842fd87,4973,False,0,0,0,0,0,0
https://github.com/Esri/spatial-framework-for-hadoop.git,28cc6ab472711da6c2124ad22bd33caa8a78c77c,1217,False,0,0,0,0,0,0
https://github.com/Esri/spatial-framework-for-hadoop.git,28cc6ab472711da6c2124ad22bd33caa8a78c77c,1444,False,1,0,1,0,1,0
https://github.com/Esri/spatial-framework-for-hadoop.git,28cc6ab472711da6c2124ad22bd33caa8a78c77c,1656,False,0,0,0,0,0,0
https://github.com/Esri/spatial-framework-for-hadoop.git,28cc6ab472711da6c2124ad22bd33caa8a78c77c,1854,False,11,0,11,0,11,0
https://github.com/Esri/spatial-framework-for-hadoop.git,28cc6ab472711da6c2124ad22bd33caa8a78c77c,1860,False,0,0,0,0,0,0
https://github.com/Esri/spatial-framework-for-hadoop.git,28cc6ab472711da6c2124ad22bd33caa8a78c77c,1948,False,0,0,0,0,0,0
https://github.com/Esri/spatial-framework-for-hadoop.git,28cc6ab472711da6c2124ad22bd33caa8a78c77c,2057,False,0,0,0,0,0,0
https://github.com/Esri/spatial-framework-for-hadoop.git,28cc6ab472711da6c2124ad22bd33caa8a78c77c,2095,False,0,0,0,0,0,0
https://github.com/Esri/spatial-framework-for-hadoop.git,28cc6ab472711da6c2124ad22bd33caa8a78c77c,2111,False,0,0,0,0,0,0
https://github.com/Esri/spatial-framework-for-hadoop.git,28cc6ab472711da6c2124ad22bd33caa8a78c77c,2116,False,0,0,0,0,0,0
https://github.com/Esri/spatial-framework-for-hadoop.git,28cc6ab472711da6c2124ad22bd33caa8a78c77c,2142,False,0,0,0,0,0,0
https://github.com/Esri/spatial-framework-for-hadoop.git,28cc6ab472711da6c2124ad22bd33caa8a78c77c,2164,False,0,0,0,0,0,0
https://github.com/Esri/spatial-framework-for-hadoop.git,28cc6ab472711da6c2124ad22bd33caa8a78c77c,2167,False,0,0,0,0,0,0
https://github.com/Esri/spatial-framework-for-hadoop.git,28cc6ab472711da6c2124ad22bd33caa8a78c77c,2184,False,4,0,4,0,4,0
https://github.com/Esri/spatial-framework-for-hadoop.git,28cc6ab472711da6c2124ad22bd33caa8a78c77c,2204,False,0,0,0,0,0,0
https://github.com/Esri/spatial-framework-for-hadoop.git,28cc6ab472711da6c2124ad22bd33caa8a78c77c,2225,False,0,0,0,0,0,0
https://github.com/Esri/spatial-framework-for-hadoop.git,28cc6ab472711da6c2124ad22bd33caa8a78c77c,2272,False,0,0,0,0,0,0
https://github.com/Esri/spatial-framework-for-hadoop.git,28cc6ab472711da6c2124ad22bd33caa8a78c77c,2755,False,0,0,0,0,0,0
https://github.com/Esri/spatial-framework-for-hadoop.git,28cc6ab472711da6c2124ad22bd33caa8a78c77c,3032,False,0,0,0,0,0,0
https://github.com/Esri/spatial-framework-for-hadoop.git,28cc6ab472711da6c2124ad22bd33caa8a78c77c,3067,False,0,0,0,0,0,0
https://github.com/Esri/spatial-framework-for-hadoop.git,28cc6ab472711da6c2124ad22bd33caa8a78c77c,3984,False,0,0,0,0,0,0
https://github.com/Esri/spatial-framework-for-hadoop.git,28cc6ab472711da6c2124ad22bd33caa8a78c77c,4973,False,0,0,0,0,0,0
https://github.com/Hygieia/ExecDashboard.git,948edac0a47f85ce0e9f411ecf88dcd570e31c0b,1217,False,0,0,0,0,0,0
https://github.com/Hygieia/ExecDashboard.git,948edac0a47f85ce0e9f411ecf88dcd570e31c0b,1444,False,0,0,0,0,0,0
https://github.com/Hygieia/ExecDashboard.git,948edac0a47f85ce0e9f411ecf88dcd570e31c0b,1656,False,0,0,0,0,0,0
https://github.com/Hygieia/ExecDashboard.git,948edac0a47f85ce0e9f411ecf88dcd570e31c0b,1854,False,2,0,2,0,2,0
https://github.com/Hygieia/ExecDashboard.git,948edac0a47f85ce0e9f411ecf88dcd570e31c0b,1860,False,0,0,0,0,0,0
https://github.com/Hygieia/ExecDashboard.git,948edac0a47f85ce0e9f411ecf88dcd570e31c0b,1948,False,0,0,0,0,0,0
https://github.com/Hygieia/ExecDashboard.git,948edac0a47f85ce0e9f411ecf88dcd570e31c0b,2057,False,0,0,0,0,0,0
https://github.com/Hygieia/ExecDashboard.git,948edac0a47f85ce0e9f411ecf88dcd570e31c0b,2095,False,0,0,0,0,0,0
https://github.com/Hygieia/ExecDashboard.git,948edac0a47f85ce0e9f411ecf88dcd570e31c0b,2111,False,0,0,0,0,0,0
https://github.com/Hygieia/ExecDashboard.git,948edac0a47f85ce0e9f411ecf88dcd570e31c0b,2116,False,0,0,0,0,0,0
https://github.com/Hygieia/ExecDashboard.git,948edac0a47f85ce0e9f411ecf88dcd570e31c0b,2142,False,0,0,0,0,0,0
https://github.com/Hygieia/ExecDashboard.git,948edac0a47f85ce0e9f411ecf88dcd570e31c0b,2164,False,0,0,0,0,0,0
https://github.com/Hygieia/ExecDashboard.git,948edac0a47f85ce0e9f411ecf88dcd570e31c0b,2167,False,0,0,0,0,0,0
https://github.com/Hygieia/ExecDashboard.git,948edac0a47f85ce0e9f411ecf88dcd570e31c0b,2184,False,0,0,0,0,0,0
https://github.com/Hygieia/ExecDashboard.git,948edac0a47f85ce0e9f411ecf88dcd570e31c0b,2204,False,0,0,0,0,0,0
https://github.com/Hygieia/ExecDashboard.git,948edac0a47f85ce0e9f411ecf88dcd570e31c0b,2225,False,0,0,0,0,0,0
https://github.com/Hygieia/ExecDashboard.git,948edac0a47f85ce0e9f411ecf88dcd570e31c0b,2272,False,0,0,0,0,0,0
https://github.com/Hygieia/ExecDashboard.git,948edac0a47f85ce0e9f411ecf88dcd570e31c0b,2755,False,0,0,0,0,0,0
https://github.com/Hygieia/ExecDashboard.git,948edac0a47f85ce0e9f411ecf88dcd570e31c0b,3032,False,0,0,0,0,0,0
https://github.com/Hygieia/ExecDashboard.git,948edac0a47f85ce0e9f411ecf88dcd570e31c0b,3067,False,0,0,0,0,0,0
https://github.com/Hygieia/ExecDashboard.git,948edac0a47f85ce0e9f411ecf88dcd570e31c0b,3984,False,0,0,0,0,0,0
https://github.com/Hygieia/ExecDashboard.git,948edac0a47f85ce0e9f411ecf88dcd570e31c0b,4973,False,0,0,0,0,0,0
https://github.com/LinShunKang/MyPerf4J.git,caed27c4e35d7ba6841024a8a58c5ed33079ddfb,1217,False,0,0,0,0,0,0
https://github.com/LinShunKang/MyPerf4J.git,caed27c4e35d7ba6841024a8a58c5ed33079ddfb,1444,False,0,0,0,0,0,0
https://github.com/LinShunKang/MyPerf4J.git,caed27c4e35d7ba6841024a8a58c5ed33079ddfb,1656,False,0,0,0,0,0,0
https://github.com/LinShunKang/MyPerf4J.git,caed27c4e35d7ba6841024a8a58c5ed33079ddfb,1854,False,1,0,1,0,1,0
https://github.com/LinShunKang/MyPerf4J.git,caed27c4e35d7ba6841024a8a58c5ed33079ddfb,1860,False,0,0,0,0,0,0
https://github.com/LinShunKang/MyPerf4J.git,caed27c4e35d7ba6841024a8a58c5ed33079ddfb,1948,False,0,0,0,0,0,0
https://github.com/LinShunKang/MyPerf4J.git,caed27c4e35d7ba6841024a8a58c5ed33079ddfb,2057,False,0,0,0,0,0,0
https://github.com/LinShunKang/MyPerf4J.git,caed27c4e35d7ba6841024a8a58c5ed33079ddfb,2095,False,2,0,2,0,2,0
https://github.com/LinShunKang/MyPerf4J.git,caed27c4e35d7ba6841024a8a58c5ed33079ddfb,2111,False,0,0,0,0,0,0
https://github.com/LinShunKang/MyPerf4J.git,caed27c4e35d7ba6841024a8a58c5ed33079ddfb,2116,False,0,0,0,0,0,0
https://github.com/LinShunKang/MyPerf4J.git,caed27c4e35d7ba6841024a8a58c5ed33079ddfb,2142,False,2,0,2,0,2,0
https://github.com/LinShunKang/MyPerf4J.git,caed27c4e35d7ba6841024a8a58c5ed33079ddfb,2164,False,0,0,0,0,0,0
https://github.com/LinShunKang/MyPerf4J.git,caed27c4e35d7ba6841024a8a58c5ed33079ddfb,2167,False,0,0,0,0,0,0
https://github.com/LinShunKang/MyPerf4J.git,caed27c4e35d7ba6841024a8a58c5ed33079ddfb,2184,False,0,0,0,0,0,0
https://github.com/LinShunKang/MyPerf4J.git,caed27c4e35d7ba6841024a8a58c5ed33079ddfb,2204,False,0,0,0,0,0,0
https://github.com/LinShunKang/MyPerf4J.git,caed27c4e35d7ba6841024a8a58c5ed33079ddfb,2225,False,0,0,0,0,0,0
https://github.com/LinShunKang/MyPerf4J.git,caed27c4e35d7ba6841024a8a58c5ed33079ddfb,2272,False,0,0,0,0,0,0
https://github.com/LinShunKang/MyPerf4J.git,caed27c4e35d7ba6841024a8a58c5ed33079ddfb,2755,False,0,0,0,0,0,0
https://github.com/LinShunKang/MyPerf4J.git,caed27c4e35d7ba6841024a8a58c5ed33079ddfb,3032,False,1,0,1,0,1,0
https://github.com/LinShunKang/MyPerf4J.git,caed27c4e35d7ba6841024a8a58c5ed33079ddfb,3067,False,0,0,0,0,0,0
https://github.com/LinShunKang/MyPerf4J.git,caed27c4e35d7ba6841024a8a58c5ed33079ddfb,3984,False,0,0,0,0,0,0
https://github.com/LinShunKang/MyPerf4J.git,caed27c4e35d7ba6841024a8a58c5ed33079ddfb,4973,False,0,0,0,0,0,0
https://github.com/VueGWT/vue-gwt.git,dc818e0ac31c4fd4254065b50a1d7c59f291ca9d,1217,False,0,0,0,0,0,0
https://github.com/VueGWT/vue-gwt.git,dc818e0ac31c4fd4254065b50a1d7c59f291ca9d,1444,False,1,0,1,0,1,0
https://github.com/VueGWT/vue-gwt.git,dc818e0ac31c4fd4254065b50a1d7c59f291ca9d,1656,False,0,0,0,0,0,0
https://github.com/VueGWT/vue-gwt.git,dc818e0ac31c4fd4254065b50a1d7c59f291ca9d,1854,False,0,0,0,0,0,0
https://github.com/VueGWT/vue-gwt.git,dc818e0ac31c4fd4254065b50a1d7c59f291ca9d,1860,False,0,0,0,0,0,0
https://github.com/VueGWT/vue-gwt.git,dc818e0ac31c4fd4254065b50a1d7c59f291ca9d,1948,False,0,0,0,0,0,0
https://github.com/VueGWT/vue-gwt.git,dc818e0ac31c4fd4254065b50a1d7c59f291ca9d,2057,False,0,0,0,0,0,0
https://github.com/VueGWT/vue-gwt.git,dc818e0ac31c4fd4254065b50a1d7c59f291ca9d,2095,False,0,0,0,0,0,0
https://github.com/VueGWT/vue-gwt.git,dc818e0ac31c4fd4254065b50a1d7c59f291ca9d,2111,False,0,0,0,0,0,0
https://github.com/VueGWT/vue-gwt.git,dc818e0ac31c4fd4254065b50a1d7c59f291ca9d,2116,False,0,0,0,0,0,0
https://github.com/VueGWT/vue-gwt.git,dc818e0ac31c4fd4254065b50a1d7c59f291ca9d,2142,False,0,0,0,0,0,0
https://github.com/VueGWT/vue-gwt.git,dc818e0ac31c4fd4254065b50a1d7c59f291ca9d,2164,False,0,0,0,0,0,0
https://github.com/VueGWT/vue-gwt.git,dc818e0ac31c4fd4254065b50a1d7c59f291ca9d,2167,False,0,0,0,0,0,0
https://github.com/VueGWT/vue-gwt.git,dc818e0ac31c4fd4254065b50a1d7c59f291ca9d,2184,False,0,0,0,0,0,0
https://github.com/VueGWT/vue-gwt.git,dc818e0ac31c4fd4254065b50a1d7c59f291ca9d,2204,False,0,0,0,0,0,0
https://github.com/VueGWT/vue-gwt.git,dc818e0ac31c4fd4254065b50a1d7c59f291ca9d,2225,False,0,0,0,0,0,0
https://github.com/VueGWT/vue-gwt.git,dc818e0ac31c4fd4254065b50a1d7c59f291ca9d,2272,False,0,0,0,0,0,0
https://github.com/VueGWT/vue-gwt.git,dc818e0ac31c4fd4254065b50a1d7c59f291ca9d,2755,False,0,0,0,0,0,0
https://github.com/VueGWT/vue-gwt.git,dc818e0ac31c4fd4254065b50a1d7c59f291ca9d,3032,False,0,0,0,0,0,0
https://github.com/VueGWT/vue-gwt.git,dc818e0ac31c4fd4254065b50a1d7c59f291ca9d,3067,False,0,0,0,0,0,0
https://github.com/VueGWT/vue-gwt.git,dc818e0ac31c4fd4254065b50a1d7c59f291ca9d,3984,False,0,0,0,0,0,0
https://github.com/VueGWT/vue-gwt.git,dc818e0ac31c4fd4254065b50a1d7c59f291ca9d,4973,False,2,0,2,0,2,0
https://github.com/albfernandez/juniversalchardet.git,30f7ac3a6c6f7465e00e20c98a20429654c49160,1217,False,0,0,0,0,0,0
https://github.com/albfernandez/juniversalchardet.git,30f7ac3a6c6f7465e00e20c98a20429654c49160,1444,False,0,0,0,0,0,0
https://github.com/albfernandez/juniversalchardet.git,30f7ac3a6c6f7465e00e20c98a20429654c49160,1656,False,0,0,0,0,0,0
https://github.com/albfernandez/juniversalchardet.git,30f7ac3a6c6f7465e00e20c98a20429654c49160,1854,False,0,0,0,0,0,0
https://github.com/albfernandez/juniversalchardet.git,30f7ac3a6c6f7465e00e20c98a20429654c49160,1860,False,0,0,0,0,0,0
https://github.com/albfernandez/juniversalchardet.git,30f7ac3a6c6f7465e00e20c98a20429654c49160,1948,False,0,0,0,0,0,0
https://github.com/albfernandez/juniversalchardet.git,30f7ac3a6c6f7465e00e20c98a20429654c49160,2057,False,0,0,0,0,0,0
https://github.com/albfernandez/juniversalchardet.git,30f7ac3a6c6f7465e00e20c98a20429654c49160,2095,False,0,0,0,0,0,0
https://github.com/albfernandez/juniversalchardet.git,30f7ac3a6c6f7465e00e20c98a20429654c49160,2111,False,0,0,0,0,0,0
https://github.com/albfernandez/juniversalchardet.git,30f7ac3a6c6f7465e00e20c98a20429654c49160,2116,False,0,0,0,0,0,0
https://github.com/albfernandez/juniversalchardet.git,30f7ac3a6c6f7465e00e20c98a20429654c49160,2142,False,0,0,0,0,0,0
https://github.com/albfernandez/juniversalchardet.git,30f7ac3a6c6f7465e00e20c98a20429654c49160,2164,False,7,6,1,0,1,0
https://github.com/albfernandez/juniversalchardet.git,30f7ac3a6c6f7465e00e20c98a20429654c49160,2167,False,0,0,0,0,0,0
https://github.com/albfernandez/juniversalchardet.git,30f7ac3a6c6f7465e00e20c98a20429654c49160,2184,False,0,0,0,0,0,0
https://github.com/albfernandez/juniversalchardet.git,30f7ac3a6c6f7465e00e20c98a20429654c49160,2204,False,0,0,0,0,0,0
https://github.com/albfernandez/juniversalchardet.git,30f7ac3a6c6f7465e00e20c98a20429654c49160,2225,False,0,0,0,0,0,0
https://github.com/albfernandez/juniversalchardet.git,30f7ac3a6c6f7465e00e20c98a20429654c49160,2272,False,0,0,0,0,0,0
https://github.com/albfernandez/juniversalchardet.git,30f7ac3a6c6f7465e00e20c98a20429654c49160,2755,False,0,0,0,0,0,0
https://github.com/albfernandez/juniversalchardet.git,30f7ac3a6c6f7465e00e20c98a20429654c49160,3032,False,0,0,0,0,0,0
https://github.com/albfernandez/juniversalchardet.git,30f7ac3a6c6f7465e00e20c98a20429654c49160,3067,False,0,0,0,0,0,0
https://github.com/albfernandez/juniversalchardet.git,30f7ac3a6c6f7465e00e20c98a20429654c49160,3984,False,0,0,0,0,0,0
https://github.com/albfernandez/juniversalchardet.git,30f7ac3a6c6f7465e00e20c98a20429654c49160,4973,False,0,0,0,0,0,0
https://github.com/andylamp/BPlusTree.git,ec871700edd111948b87371d5721126178ec1352,1217,False,0,0,0,0,0,0
https://github.com/andylamp/BPlusTree.git,ec871700edd111948b87371d5721126178ec1352,1444,False,0,0,0,0,0,0
https://github.com/andylamp/BPlusTree.git,ec871700edd111948b87371d5721126178ec1352,1656,False,0,0,0,0,0,0
https://github.com/andylamp/BPlusTree.git,ec871700edd111948b87371d5721126178ec1352,1854,False,0,0,0,0,0,0
https://github.com/andylamp/BPlusTree.git,ec871700edd111948b87371d5721126178ec1352,1860,False,0,0,0,0,0,0
https://github.com/andylamp/BPlusTree.git,ec871700edd111948b87371d5721126178ec1352,1948,False,0,0,0,0,0,0
https://github.com/andylamp/BPlusTree.git,ec871700edd111948b87371d5721126178ec1352,2057,False,0,0,0,0,0,0
https://github.com/andylamp/BPlusTree.git,ec871700edd111948b87371d5721126178ec1352,2095,False,4,0,4,0,4,0
https://github.com/andylamp/BPlusTree.git,ec871700edd111948b87371d5721126178ec1352,2111,False,0,0,0,0,0,0
https://github.com/andylamp/BPlusTree.git,ec871700edd111948b87371d5721126178ec1352,2116,False,0,0,0,0,0,0
https://github.com/andylamp/BPlusTree.git,ec871700edd111948b87371d5721126178ec1352,2142,False,0,0,0,0,0,0
https://github.com/andylamp/BPlusTree.git,ec871700edd111948b87371d5721126178ec1352,2164,False,0,0,0,0,0,0
https://github.com/andylamp/BPlusTree.git,ec871700edd111948b87371d5721126178ec1352,2167,False,0,0,0,0,0,0
https://github.com/andylamp/BPlusTree.git,ec871700edd111948b87371d5721126178ec1352,2184,False,0,0,0,0,0,0
https://github.com/andylamp/BPlusTree.git,ec871700edd111948b87371d5721126178ec1352,2204,False,0,0,0,0,0,0
https://github.com/andylamp/BPlusTree.git,ec871700edd111948b87371d5721126178ec1352,2225,False,0,0,0,0,0,0
https://github.com/andylamp/BPlusTree.git,ec871700edd111948b87371d5721126178ec1352,2272,False,0,0,0,0,0,0
https://github.com/andylamp/BPlusTree.git,ec871700edd111948b87371d5721126178ec1352,2755,False,0,0,0,0,0,0
https://github.com/andylamp/BPlusTree.git,ec871700edd111948b87371d5721126178ec1352,3032,False,0,0,0,0,0,0
https://github.com/andylamp/BPlusTree.git,ec871700edd111948b87371d5721126178ec1352,3067,False,0,0,0,0,0,0
https://github.com/andylamp/BPlusTree.git,ec871700edd111948b87371d5721126178ec1352,3984,False,0,0,0,0,0,0
https://github.com/andylamp/BPlusTree.git,ec871700edd111948b87371d5721126178ec1352,4973,False,0,0,0,0,0,0
https://github.com/apache/joshua.git,716cc81aca318f3cb6ed9bd81bd29f043db77eff,1217,False,0,0,0,0,0,0
https://github.com/apache/joshua.git,716cc81aca318f3cb6ed9bd81bd29f043db77eff,1444,False,44,0,44,0,44,0
https://github.com/apache/joshua.git,716cc81aca318f3cb6ed9bd81bd29f043db77eff,1656,False,0,0,0,0,0,0
https://github.com/apache/joshua.git,716cc81aca318f3cb6ed9bd81bd29f043db77eff,1854,False,55,1,55,0,54,1
https://github.com/apache/joshua.git,716cc81aca318f3cb6ed9bd81bd29f043db77eff,1860,False,0,0,0,0,0,0
https://github.com/apache/joshua.git,716cc81aca318f3cb6ed9bd81bd29f043db77eff,1948,False,1,0,1,0,1,0
https://github.com/apache/joshua.git,716cc81aca318f3cb6ed9bd81bd29f043db77eff,2057,False,4,0,4,0,4,0
https://github.com/apache/joshua.git,716cc81aca318f3cb6ed9bd81bd29f043db77eff,2095,False,42,9,41,0,33,8
https://github.com/apache/joshua.git,716cc81aca318f3cb6ed9bd81bd29f043db77eff,2111,False,0,0,0,0,0,0
https://github.com/apache/joshua.git,716cc81aca318f3cb6ed9bd81bd29f043db77eff,2116,False,0,0,0,0,0,0
https://github.com/apache/joshua.git,716cc81aca318f3cb6ed9bd81bd29f043db77eff,2142,False,14,0,14,0,14,0
https://github.com/apache/joshua.git,716cc81aca318f3cb6ed9bd81bd29f043db77eff,2164,False,61,36,26,0,25,1
https://github.com/apache/joshua.git,716cc81aca318f3cb6ed9bd81bd29f043db77eff,2167,False,0,0,0,0,0,0
https://github.com/apache/joshua.git,716cc81aca318f3cb6ed9bd81bd29f043db77eff,2184,False,4,0,4,0,4,0
https://github.com/apache/joshua.git,716cc81aca318f3cb6ed9bd81bd29f043db77eff,2204,False,0,0,0,0,0,0
https://github.com/apache/joshua.git,716cc81aca318f3cb6ed9bd81bd29f043db77eff,2225,False,0,0,0,0,0,0
https://github.com/apache/joshua.git,716cc81aca318f3cb6ed9bd81bd29f043db77eff,2272,False,7,0,7,0,7,0
https://github.com/apache/joshua.git,716cc81aca318f3cb6ed9bd81bd29f043db77eff,2755,False,0,0,0,0,0,0
https://github.com/apache/joshua.git,716cc81aca318f3cb6ed9bd81bd29f043db77eff,3032,False,1,0,1,0,1,0
https://github.com/apache/joshua.git,716cc81aca318f3cb6ed9bd81bd29f043db77eff,3067,False,0,0,0,0,0,0
https://github.com/apache/joshua.git,716cc81aca318f3cb6ed9bd81bd29f043db77eff,3984,False,0,0,0,0,0,0
https://github.com/apache/joshua.git,716cc81aca318f3cb6ed9bd81bd29f043db77eff,4973,False,1,0,1,0,1,0
https://github.com/ashwanthkumar/gocd-build-github-pull-requests.git,12df90579b0951519f4cf49567d9cf9ca3205234,1217,False,0,0,0,0,0,0
https://github.com/ashwanthkumar/gocd-build-github-pull-requests.git,12df90579b0951519f4cf49567d9cf9ca3205234,1444,False,4,0,4,0,4,0
https://github.com/ashwanthkumar/gocd-build-github-pull-requests.git,12df90579b0951519f4cf49567d9cf9ca3205234,1656,False,0,0,0,0,0,0
https://github.com/ashwanthkumar/gocd-build-github-pull-requests.git,12df90579b0951519f4cf49567d9cf9ca3205234,1854,False,1,0,1,0,1,0
https://github.com/ashwanthkumar/gocd-build-github-pull-requests.git,12df90579b0951519f4cf49567d9cf9ca3205234,1860,False,0,0,0,0,0,0
https://github.com/ashwanthkumar/gocd-build-github-pull-requests.git,12df90579b0951519f4cf49567d9cf9ca3205234,1948,False,0,0,0,0,0,0
https://github.com/ashwanthkumar/gocd-build-github-pull-requests.git,12df90579b0951519f4cf49567d9cf9ca3205234,2057,False,0,0,0,0,0,0
https://github.com/ashwanthkumar/gocd-build-github-pull-requests.git,12df90579b0951519f4cf49567d9cf9ca3205234,2095,False,0,0,0,0,0,0
https://github.com/ashwanthkumar/gocd-build-github-pull-requests.git,12df90579b0951519f4cf49567d9cf9ca3205234,2111,False,0,0,0,0,0,0
https://github.com/ashwanthkumar/gocd-build-github-pull-requests.git,12df90579b0951519f4cf49567d9cf9ca3205234,2116,False,0,0,0,0,0,0
https://github.com/ashwanthkumar/gocd-build-github-pull-requests.git,12df90579b0951519f4cf49567d9cf9ca3205234,2142,False,0,0,0,0,0,0
https://github.com/ashwanthkumar/gocd-build-github-pull-requests.git,12df90579b0951519f4cf49567d9cf9ca3205234,2164,False,0,0,0,0,0,0
https://github.com/ashwanthkumar/gocd-build-github-pull-requests.git,12df90579b0951519f4cf49567d9cf9ca3205234,2167,False,0,0,0,0,0,0
https://github.com/ashwanthkumar/gocd-build-github-pull-requests.git,12df90579b0951519f4cf49567d9cf9ca3205234,2184,False,0,0,0,0,0,0
https://github.com/ashwanthkumar/gocd-build-github-pull-requests.git,12df90579b0951519f4cf49567d9cf9ca3205234,2204,False,0,0,0,0,0,0
https://github.com/ashwanthkumar/gocd-build-github-pull-requests.git,12df90579b0951519f4cf49567d9cf9ca3205234,2225,False,0,0,0,0,0,0
https://github.com/ashwanthkumar/gocd-build-github-pull-requests.git,12df90579b0951519f4cf49567d9cf9ca3205234,2272,False,0,0,0,0,0,0
https://github.com/ashwanthkumar/gocd-build-github-pull-requests.git,12df90579b0951519f4cf49567d9cf9ca3205234,2755,False,0,0,0,0,0,0
https://github.com/ashwanthkumar/gocd-build-github-pull-requests.git,12df90579b0951519f4cf49567d9cf9ca3205234,3032,False,0,0,0,0,0,0
https://github.com/ashwanthkumar/gocd-build-github-pull-requests.git,12df90579b0951519f4cf49567d9cf9ca3205234,3067,False,0,0,0,0,0,0
https://github.com/ashwanthkumar/gocd-build-github-pull-requests.git,12df90579b0951519f4cf49567d9cf9ca3205234,3984,False,0,0,0,0,0,0
https://github.com/ashwanthkumar/gocd-build-github-pull-requests.git,12df90579b0951519f4cf49567d9cf9ca3205234,4973,False,0,0,0,0,0,0
https://github.com/carml/carml.git,181d2cbb0364b38168c2f9241280464f41b31c3f,1217,False,0,0,0,0,0,0
https://github.com/carml/carml.git,181d2cbb0364b38168c2f9241280464f41b31c3f,1444,False,0,0,0,0,0,0
https://github.com/carml/carml.git,181d2cbb0364b38168c2f9241280464f41b31c3f,1656,False,0,0,0,0,0,0
https://github.com/carml/carml.git,181d2cbb0364b38168c2f9241280464f41b31c3f,1854,False,0,0,0,0,0,0
https://github.com/carml/carml.git,181d2cbb0364b38168c2f9241280464f41b31c3f,1860,False,0,0,0,0,0,0
https://github.com/carml/carml.git,181d2cbb0364b38168c2f9241280464f41b31c3f,1948,False,0,0,0,0,0,0
https://github.com/carml/carml.git,181d2cbb0364b38168c2f9241280464f41b31c3f,2057,False,0,0,0,0,0,0
https://github.com/carml/carml.git,181d2cbb0364b38168c2f9241280464f41b31c3f,2095,False,0,0,0,0,0,0
https://github.com/carml/carml.git,181d2cbb0364b38168c2f9241280464f41b31c3f,2111,False,0,0,0,0,0,0
https://github.com/carml/carml.git,181d2cbb0364b38168c2f9241280464f41b31c3f,2116,False,0,0,0,0,0,0
https://github.com/carml/carml.git,181d2cbb0364b38168c2f9241280464f41b31c3f,2142,False,0,0,0,0,0,0
https://github.com/carml/carml.git,181d2cbb0364b38168c2f9241280464f41b31c3f,2164,False,0,0,0,0,0,0
https://github.com/carml/carml.git,181d2cbb0364b38168c2f9241280464f41b31c3f,2167,False,0,0,0,0,0,0
https://github.com/carml/carml.git,181d2cbb0364b38168c2f9241280464f41b31c3f,2184,False,0,0,0,0,0,0
https://github.com/carml/carml.git,181d2cbb0364b38168c2f9241280464f41b31c3f,2204,False,0,0,0,0,0,0
https://github.com/carml/carml.git,181d2cbb0364b38168c2f9241280464f41b31c3f,2225,False,0,0,0,0,0,0
https://github.com/carml/carml.git,181d2cbb0364b38168c2f9241280464f41b31c3f,2272,False,0,0,0,0,0,0
https://github.com/carml/carml.git,181d2cbb0364b38168c2f9241280464f41b31c3f,2755,False,0,0,0,0,0,0
https://github.com/carml/carml.git,181d2cbb0364b38168c2f9241280464f41b31c3f,3032,False,6,0,6,0,6,0
https://github.com/carml/carml.git,181d2cbb0364b38168c2f9241280464f41b31c3f,3067,False,0,0,0,0,0,0
https://github.com/carml/carml.git,181d2cbb0364b38168c2f9241280464f41b31c3f,3984,False,0,0,0,0,0,0
https://github.com/carml/carml.git,181d2cbb0364b38168c2f9241280464f41b31c3f,4973,False,1,0,1,0,1,0
https://github.com/delirius325/jmeter-elasticsearch-backend-listener.git,ef4046285382ade31eb101f0b330590c8ed134fc,1217,False,0,0,0,0,0,0
https://github.com/delirius325/jmeter-elasticsearch-backend-listener.git,ef4046285382ade31eb101f0b330590c8ed134fc,1444,False,1,0,1,0,1,0
https://github.com/delirius325/jmeter-elasticsearch-backend-listener.git,ef4046285382ade31eb101f0b330590c8ed134fc,1656,False,0,0,0,0,0,0
https://github.com/delirius325/jmeter-elasticsearch-backend-listener.git,ef4046285382ade31eb101f0b330590c8ed134fc,1854,False,0,0,0,0,0,0
https://github.com/delirius325/jmeter-elasticsearch-backend-listener.git,ef4046285382ade31eb101f0b330590c8ed134fc,1860,False,0,0,0,0,0,0
https://github.com/delirius325/jmeter-elasticsearch-backend-listener.git,ef4046285382ade31eb101f0b330590c8ed134fc,1948,False,0,0,0,0,0,0
https://github.com/delirius325/jmeter-elasticsearch-backend-listener.git,ef4046285382ade31eb101f0b330590c8ed134fc,2057,False,0,0,0,0,0,0
https://github.com/delirius325/jmeter-elasticsearch-backend-listener.git,ef4046285382ade31eb101f0b330590c8ed134fc,2095,False,0,0,0,0,0,0
https://github.com/delirius325/jmeter-elasticsearch-backend-listener.git,ef4046285382ade31eb101f0b330590c8ed134fc,2111,False,0,0,0,0,0,0
https://github.com/delirius325/jmeter-elasticsearch-backend-listener.git,ef4046285382ade31eb101f0b330590c8ed134fc,2116,False,0,0,0,0,0,0
https://github.com/delirius325/jmeter-elasticsearch-backend-listener.git,ef4046285382ade31eb101f0b330590c8ed134fc,2142,False,0,0,0,0,0,0
https://github.com/delirius325/jmeter-elasticsearch-backend-listener.git,ef4046285382ade31eb101f0b330590c8ed134fc,2164,False,0,0,0,0,0,0
https://github.com/delirius325/jmeter-elasticsearch-backend-listener.git,ef4046285382ade31eb101f0b330590c8ed134fc,2167,False,0,0,0,0,0,0
https://github.com/delirius325/jmeter-elasticsearch-backend-listener.git,ef4046285382ade31eb101f0b330590c8ed134fc,2184,False,0,0,0,0,0,0
https://github.com/delirius325/jmeter-elasticsearch-backend-listener.git,ef4046285382ade31eb101f0b330590c8ed134fc,2204,False,0,0,0,0,0,0
https://github.com/delirius325/jmeter-elasticsearch-backend-listener.git,ef4046285382ade31eb101f0b330590c8ed134fc,2225,False,0,0,0,0,0,0
https://github.com/delirius325/jmeter-elasticsearch-backend-listener.git,ef4046285382ade31eb101f0b330590c8ed134fc,2272,False,0,0,0,0,0,0
https://github.com/delirius325/jmeter-elasticsearch-backend-listener.git,ef4046285382ade31eb101f0b330590c8ed134fc,2755,False,0,0,0,0,0,0
https://github.com/delirius325/jmeter-elasticsearch-backend-listener.git,ef4046285382ade31eb101f0b330590c8ed134fc,3032,False,0,0,0,0,0,0
https://github.com/delirius325/jmeter-elasticsearch-backend-listener.git,ef4046285382ade31eb101f0b330590c8ed134fc,3067,False,0,0,0,0,0,0
https://github.com/delirius325/jmeter-elasticsearch-backend-listener.git,ef4046285382ade31eb101f0b330590c8ed134fc,3984,False,0,0,0,0,0,0
https://github.com/delirius325/jmeter-elasticsearch-backend-listener.git,ef4046285382ade31eb101f0b330590c8ed134fc,4973,False,0,0,0,0,0,0
https://github.com/digitalpetri/ethernet-ip.git,2034e62826d3e5d51a2630c3bff3f00f005a5bbe,1217,False,0,0,0,0,0,0
https://github.com/digitalpetri/ethernet-ip.git,2034e62826d3e5d51a2630c3bff3f00f005a5bbe,1444,False,0,0,0,0,0,0
https://github.com/digitalpetri/ethernet-ip.git,2034e62826d3e5d51a2630c3bff3f00f005a5bbe,1656,False,0,0,0,0,0,0
https://github.com/digitalpetri/ethernet-ip.git,2034e62826d3e5d51a2630c3bff3f00f005a5bbe,1854,False,1,0,1,0,1,0
https://github.com/digitalpetri/ethernet-ip.git,2034e62826d3e5d51a2630c3bff3f00f005a5bbe,1860,False,0,0,0,0,0,0
https://github.com/digitalpetri/ethernet-ip.git,2034e62826d3e5d51a2630c3bff3f00f005a5bbe,1948,False,0,0,0,0,0,0
https://github.com/digitalpetri/ethernet-ip.git,2034e62826d3e5d51a2630c3bff3f00f005a5bbe,2057,False,3,0,3,0,3,0
https://github.com/digitalpetri/ethernet-ip.git,2034e62826d3e5d51a2630c3bff3f00f005a5bbe,2095,False,0,0,0,0,0,0
https://github.com/digitalpetri/ethernet-ip.git,2034e62826d3e5d51a2630c3bff3f00f005a5bbe,2111,False,0,0,0,0,0,0
https://github.com/digitalpetri/ethernet-ip.git,2034e62826d3e5d51a2630c3bff3f00f005a5bbe,2116,False,0,0,0,0,0,0
https://github.com/digitalpetri/ethernet-ip.git,2034e62826d3e5d51a2630c3bff3f00f005a5bbe,2142,False,0,0,0,0,0,0
https://github.com/digitalpetri/ethernet-ip.git,2034e62826d3e5d51a2630c3bff3f00f005a5bbe,2164,False,0,0,0,0,0,0
https://github.com/digitalpetri/ethernet-ip.git,2034e62826d3e5d51a2630c3bff3f00f005a5bbe,2167,False,0,0,0,0,0,0
https://github.com/digitalpetri/ethernet-ip.git,2034e62826d3e5d51a2630c3bff3f00f005a5bbe,2184,False,0,0,0,0,0,0
https://github.com/digitalpetri/ethernet-ip.git,2034e62826d3e5d51a2630c3bff3f00f005a5bbe,2204,False,0,0,0,0,0,0
https://github.com/digitalpetri/ethernet-ip.git,2034e62826d3e5d51a2630c3bff3f00f005a5bbe,2225,False,0,0,0,0,0,0
https://github.com/digitalpetri/ethernet-ip.git,2034e62826d3e5d51a2630c3bff3f00f005a5bbe,2272,False,0,0,0,0,0,0
https://github.com/digitalpetri/ethernet-ip.git,2034e62826d3e5d51a2630c3bff3f00f005a5bbe,2755,False,0,0,0,0,0,0
https://github.com/digitalpetri/ethernet-ip.git,2034e62826d3e5d51a2630c3bff3f00f005a5bbe,3032,False,0,0,0,0,0,0
https://github.com/digitalpetri/ethernet-ip.git,2034e62826d3e5d51a2630c3bff3f00f005a5bbe,3067,False,0,0,0,0,0,0
https://github.com/digitalpetri/ethernet-ip.git,2034e62826d3e5d51a2630c3bff3f00f005a5bbe,3984,False,0,0,0,0,0,0
https://github.com/digitalpetri/ethernet-ip.git,2034e62826d3e5d51a2630c3bff3f00f005a5bbe,4973,False,0,0,0,0,0,0
https://github.com/eXparity/hamcrest-date.git,ff8228204fa9e40c8d6192ea4977035c0d0494e5,1217,False,0,0,0,0,0,0
https://github.com/eXparity/hamcrest-date.git,ff8228204fa9e40c8d6192ea4977035c0d0494e5,1444,False,66,0,66,0,66,0
https://github.com/eXparity/hamcrest-date.git,ff8228204fa9e40c8d6192ea4977035c0d0494e5,1656,False,0,0,0,0,0,0
https://github.com/eXparity/hamcrest-date.git,ff8228204fa9e40c8d6192ea4977035c0d0494e5,1854,False,0,0,0,0,0,0
https://github.com/eXparity/hamcrest-date.git,ff8228204fa9e40c8d6192ea4977035c0d0494e5,1860,False,0,0,0,0,0,0
https://github.com/eXparity/hamcrest-date.git,ff8228204fa9e40c8d6192ea4977035c0d0494e5,1948,False,0,0,0,0,0,0
https://github.com/eXparity/hamcrest-date.git,ff8228204fa9e40c8d6192ea4977035c0d0494e5,2057,False,0,0,0,0,0,0
https://github.com/eXparity/hamcrest-date.git,ff8228204fa9e40c8d6192ea4977035c0d0494e5,2095,False,0,0,0,0,0,0
https://github.com/eXparity/hamcrest-date.git,ff8228204fa9e40c8d6192ea4977035c0d0494e5,2111,False,0,0,0,0,0,0
https://github.com/eXparity/hamcrest-date.git,ff8228204fa9e40c8d6192ea4977035c0d0494e5,2116,False,0,0,0,0,0,0
https://github.com/eXparity/hamcrest-date.git,ff8228204fa9e40c8d6192ea4977035c0d0494e5,2142,False,0,0,0,0,0,0
https://github.com/eXparity/hamcrest-date.git,ff8228204fa9e40c8d6192ea4977035c0d0494e5,2164,False,0,0,0,0,0,0
https://github.com/eXparity/hamcrest-date.git,ff8228204fa9e40c8d6192ea4977035c0d0494e5,2167,False,0,0,0,0,0,0
https://github.com/eXparity/hamcrest-date.git,ff8228204fa9e40c8d6192ea4977035c0d0494e5,2184,False,0,0,0,0,0,0
https://github.com/eXparity/hamcrest-date.git,ff8228204fa9e40c8d6192ea4977035c0d0494e5,2204,False,0,0,0,0,0,0
https://github.com/eXparity/hamcrest-date.git,ff8228204fa9e40c8d6192ea4977035c0d0494e5,2225,False,0,0,0,0,0,0
https://github.com/eXparity/hamcrest-date.git,ff8228204fa9e40c8d6192ea4977035c0d0494e5,2272,False,0,0,0,0,0,0
https://github.com/eXparity/hamcrest-date.git,ff8228204fa9e40c8d6192ea4977035c0d0494e5,2755,False,0,0,0,0,0,0
https://github.com/eXparity/hamcrest-date.git,ff8228204fa9e40c8d6192ea4977035c0d0494e5,3032,False,0,0,0,0,0,0
https://github.com/eXparity/hamcrest-date.git,ff8228204fa9e40c8d6192ea4977035c0d0494e5,3067,False,0,0,0,0,0,0
https://github.com/eXparity/hamcrest-date.git,ff8228204fa9e40c8d6192ea4977035c0d0494e5,3984,False,0,0,0,0,0,0
https://github.com/eXparity/hamcrest-date.git,ff8228204fa9e40c8d6192ea4977035c0d0494e5,4973,False,0,0,0,0,0,0
https://github.com/hap-java/HAP-Java.git,f2f93cc29321fb117216466430ceec93b3a2780e,1217,False,0,0,0,0,0,0
https://github.com/hap-java/HAP-Java.git,f2f93cc29321fb117216466430ceec93b3a2780e,1444,False,0,0,0,0,0,0
https://github.com/hap-java/HAP-Java.git,f2f93cc29321fb117216466430ceec93b3a2780e,1656,False,0,0,0,0,0,0
https://github.com/hap-java/HAP-Java.git,f2f93cc29321fb117216466430ceec93b3a2780e,1854,False,0,0,0,0,0,0
https://github.com/hap-java/HAP-Java.git,f2f93cc29321fb117216466430ceec93b3a2780e,1860,False,0,0,0,0,0,0
https://github.com/hap-java/HAP-Java.git,f2f93cc29321fb117216466430ceec93b3a2780e,1948,False,0,0,0,0,0,0
https://github.com/hap-java/HAP-Java.git,f2f93cc29321fb117216466430ceec93b3a2780e,2057,False,0,0,0,0,0,0
https://github.com/hap-java/HAP-Java.git,f2f93cc29321fb117216466430ceec93b3a2780e,2095,False,0,0,0,0,0,0
https://github.com/hap-java/HAP-Java.git,f2f93cc29321fb117216466430ceec93b3a2780e,2111,False,0,0,0,0,0,0
https://github.com/hap-java/HAP-Java.git,f2f93cc29321fb117216466430ceec93b3a2780e,2116,False,0,0,0,0,0,0
https://github.com/hap-java/HAP-Java.git,f2f93cc29321fb117216466430ceec93b3a2780e,2142,False,1,0,1,0,1,0
https://github.com/hap-java/HAP-Java.git,f2f93cc29321fb117216466430ceec93b3a2780e,2164,False,0,0,0,0,0,0
https://github.com/hap-java/HAP-Java.git,f2f93cc29321fb117216466430ceec93b3a2780e,2167,False,0,0,0,0,0,0
https://github.com/hap-java/HAP-Java.git,f2f93cc29321fb117216466430ceec93b3a2780e,2184,False,0,0,0,0,0,0
https://github.com/hap-java/HAP-Java.git,f2f93cc29321fb117216466430ceec93b3a2780e,2204,False,0,0,0,0,0,0
https://github.com/hap-java/HAP-Java.git,f2f93cc29321fb117216466430ceec93b3a2780e,2225,False,0,0,0,0,0,0
https://github.com/hap-java/HAP-Java.git,f2f93cc29321fb117216466430ceec93b3a2780e,2272,False,0,0,0,0,0,0
https://github.com/hap-java/HAP-Java.git,f2f93cc29321fb117216466430ceec93b3a2780e,2755,False,0,0,0,0,0,0
https://github.com/hap-java/HAP-Java.git,f2f93cc29321fb117216466430ceec93b3a2780e,3032,False,0,0,0,0,0,0
https://github.com/hap-java/HAP-Java.git,f2f93cc29321fb117216466430ceec93b3a2780e,3067,False,0,0,0,0,0,0
https://github.com/hap-java/HAP-Java.git,f2f93cc29321fb117216466430ceec93b3a2780e,3984,False,0,0,0,0,0,0
https://github.com/hap-java/HAP-Java.git,f2f93cc29321fb117216466430ceec93b3a2780e,4973,False,12,0,12,0,12,0
https://github.com/kafka-ops/kafka-topology-builder.git,451435a5e553457f9bbacb9929ba66210f0f7396,1217,False,0,0,0,0,0,0
https://github.com/kafka-ops/kafka-topology-builder.git,451435a5e553457f9bbacb9929ba66210f0f7396,1444,False,3,0,3,0,3,0
https://github.com/kafka-ops/kafka-topology-builder.git,451435a5e553457f9bbacb9929ba66210f0f7396,1656,False,0,0,0,0,0,0
https://github.com/kafka-ops/kafka-topology-builder.git,451435a5e553457f9bbacb9929ba66210f0f7396,1854,False,1,0,1,0,1,0
https://github.com/kafka-ops/kafka-topology-builder.git,451435a5e553457f9bbacb9929ba66210f0f7396,1860,False,0,0,0,0,0,0
https://github.com/kafka-ops/kafka-topology-builder.git,451435a5e553457f9bbacb9929ba66210f0f7396,1948,False,0,0,0,0,0,0
https://github.com/kafka-ops/kafka-topology-builder.git,451435a5e553457f9bbacb9929ba66210f0f7396,2057,False,0,0,0,0,0,0
https://github.com/kafka-ops/kafka-topology-builder.git,451435a5e553457f9bbacb9929ba66210f0f7396,2095,False,2,1,1,0,1,0
https://github.com/kafka-ops/kafka-topology-builder.git,451435a5e553457f9bbacb9929ba66210f0f7396,2111,False,0,0,0,0,0,0
https://github.com/kafka-ops/kafka-topology-builder.git,451435a5e553457f9bbacb9929ba66210f0f7396,2116,False,0,0,0,0,0,0
https://github.com/kafka-ops/kafka-topology-builder.git,451435a5e553457f9bbacb9929ba66210f0f7396,2142,False,8,0,8,0,8,0
https://github.com/kafka-ops/kafka-topology-builder.git,451435a5e553457f9bbacb9929ba66210f0f7396,2164,False,0,0,0,0,0,0
https://github.com/kafka-ops/kafka-topology-builder.git,451435a5e553457f9bbacb9929ba66210f0f7396,2167,False,0,0,0,0,0,0
https://github.com/kafka-ops/kafka-topology-builder.git,451435a5e553457f9bbacb9929ba66210f0f7396,2184,False,0,0,0,0,0,0
https://github.com/kafka-ops/kafka-topology-builder.git,451435a5e553457f9bbacb9929ba66210f0f7396,2204,False,0,0,0,0,0,0
https://github.com/kafka-ops/kafka-topology-builder.git,451435a5e553457f9bbacb9929ba66210f0f7396,2225,False,0,0,0,0,0,0
https://github.com/kafka-ops/kafka-topology-builder.git,451435a5e553457f9bbacb9929ba66210f0f7396,2272,False,0,0,0,0,0,0
https://github.com/kafka-ops/kafka-topology-builder.git,451435a5e553457f9bbacb9929ba66210f0f7396,2755,False,0,0,0,0,0,0
https://github.com/kafka-ops/kafka-topology-builder.git,451435a5e553457f9bbacb9929ba66210f0f7396,3032,False,1,0,1,0,1,0
https://github.com/kafka-ops/kafka-topology-builder.git,451435a5e553457f9bbacb9929ba66210f0f7396,3067,False,0,0,0,0,0,0
https://github.com/kafka-ops/kafka-topology-builder.git,451435a5e553457f9bbacb9929ba66210f0f7396,3984,False,0,0,0,0,0,0
https://github.com/kafka-ops/kafka-topology-builder.git,451435a5e553457f9bbacb9929ba66210f0f7396,4973,False,0,0,0,0,0,0
https://github.com/killme2008/aviatorscript.git,dd2f4977f996d53bd5ddd2d8ea717ebe4e8118f5,1217,False,0,0,0,0,0,0
https://github.com/killme2008/aviatorscript.git,dd2f4977f996d53bd5ddd2d8ea717ebe4e8118f5,1444,False,3,0,3,0,3,0
https://github.com/killme2008/aviatorscript.git,dd2f4977f996d53bd5ddd2d8ea717ebe4e8118f5,1656,False,0,0,0,0,0,0
https://github.com/killme2008/aviatorscript.git,dd2f4977f996d53bd5ddd2d8ea717ebe4e8118f5,1854,False,14,6,14,0,8,6
https://github.com/killme2008/aviatorscript.git,dd2f4977f996d53bd5ddd2d8ea717ebe4e8118f5,1860,False,2,2,2,0,0,2
https://github.com/killme2008/aviatorscript.git,dd2f4977f996d53bd5ddd2d8ea717ebe4e8118f5,1948,False,1,0,1,0,1,0
https://github.com/killme2008/aviatorscript.git,dd2f4977f996d53bd5ddd2d8ea717ebe4e8118f5,2057,False,0,0,0,0,0,0
https://github.com/killme2008/aviatorscript.git,dd2f4977f996d53bd5ddd2d8ea717ebe4e8118f5,2095,False,0,0,0,0,0,0
https://github.com/killme2008/aviatorscript.git,dd2f4977f996d53bd5ddd2d8ea717ebe4e8118f5,2111,False,1,0,1,0,1,0
https://github.com/killme2008/aviatorscript.git,dd2f4977f996d53bd5ddd2d8ea717ebe4e8118f5,2116,False,0,0,0,0,0,0
https://github.com/killme2008/aviatorscript.git,dd2f4977f996d53bd5ddd2d8ea717ebe4e8118f5,2142,False,0,0,0,0,0,0
https://github.com/killme2008/aviatorscript.git,dd2f4977f996d53bd5ddd2d8ea717ebe4e8118f5,2164,False,0,0,0,0,0,0
https://github.com/killme2008/aviatorscript.git,dd2f4977f996d53bd5ddd2d8ea717ebe4e8118f5,2167,False,0,0,0,0,0,0
https://github.com/killme2008/aviatorscript.git,dd2f4977f996d53bd5ddd2d8ea717ebe4e8118f5,2184,False,2,2,2,0,0,2
https://github.com/killme2008/aviatorscript.git,dd2f4977f996d53bd5ddd2d8ea717ebe4e8118f5,2204,False,0,0,0,0,0,0
https://github.com/killme2008/aviatorscript.git,dd2f4977f996d53bd5ddd2d8ea717ebe4e8118f5,2225,False,0,0,0,0,0,0
https://github.com/killme2008/aviatorscript.git,dd2f4977f996d53bd5ddd2d8ea717ebe4e8118f5,2272,False,3,0,3,0,3,0
https://github.com/killme2008/aviatorscript.git,dd2f4977f996d53bd5ddd2d8ea717ebe4e8118f5,2755,False,0,0,0,0,0,0
https://github.com/killme2008/aviatorscript.git,dd2f4977f996d53bd5ddd2d8ea717ebe4e8118f5,3032,False,7,0,7,0,7,0
https://github.com/killme2008/aviatorscript.git,dd2f4977f996d53bd5ddd2d8ea717ebe4e8118f5,3067,False,0,0,0,0,0,0
https://github.com/killme2008/aviatorscript.git,dd2f4977f996d53bd5ddd2d8ea717ebe4e8118f5,3984,False,0,0,0,0,0,0
https://github.com/killme2008/aviatorscript.git,dd2f4977f996d53bd5ddd2d8ea717ebe4e8118f5,4973,False,0,0,0,0,0,0
https://github.com/knowm/Yank.git,3c92dcfd7b513fac4485830e3d18bf666773a3cd,1217,False,0,0,0,0,0,0
https://github.com/knowm/Yank.git,3c92dcfd7b513fac4485830e3d18bf666773a3cd,1444,False,0,0,0,0,0,0
https://github.com/knowm/Yank.git,3c92dcfd7b513fac4485830e3d18bf666773a3cd,1656,False,0,0,0,0,0,0
https://github.com/knowm/Yank.git,3c92dcfd7b513fac4485830e3d18bf666773a3cd,1854,False,1,0,1,0,1,0
https://github.com/knowm/Yank.git,3c92dcfd7b513fac4485830e3d18bf666773a3cd,1860,False,0,0,0,0,0,0
https://github.com/knowm/Yank.git,3c92dcfd7b513fac4485830e3d18bf666773a3cd,1948,False,0,0,0,0,0,0
https://github.com/knowm/Yank.git,3c92dcfd7b513fac4485830e3d18bf666773a3cd,2057,False,1,1,1,0,0,1
https://github.com/knowm/Yank.git,3c92dcfd7b513fac4485830e3d18bf666773a3cd,2095,False,0,0,0,0,0,0
https://github.com/knowm/Yank.git,3c92dcfd7b513fac4485830e3d18bf666773a3cd,2111,False,0,0,0,0,0,0
https://github.com/knowm/Yank.git,3c92dcfd7b513fac4485830e3d18bf666773a3cd,2116,False,0,0,0,0,0,0
https://github.com/knowm/Yank.git,3c92dcfd7b513fac4485830e3d18bf666773a3cd,2142,False,0,0,0,0,0,0
https://github.com/knowm/Yank.git,3c92dcfd7b513fac4485830e3d18bf666773a3cd,2164,False,0,0,0,0,0,0
https://github.com/knowm/Yank.git,3c92dcfd7b513fac4485830e3d18bf666773a3cd,2167,False,0,0,0,0,0,0
https://github.com/knowm/Yank.git,3c92dcfd7b513fac4485830e3d18bf666773a3cd,2184,False,0,0,0,0,0,0
https://github.com/knowm/Yank.git,3c92dcfd7b513fac4485830e3d18bf666773a3cd,2204,False,0,0,0,0,0,0
https://github.com/knowm/Yank.git,3c92dcfd7b513fac4485830e3d18bf666773a3cd,2225,False,0,0,0,0,0,0
https://github.com/knowm/Yank.git,3c92dcfd7b513fac4485830e3d18bf666773a3cd,2272,False,0,0,0,0,0,0
https://github.com/knowm/Yank.git,3c92dcfd7b513fac4485830e3d18bf666773a3cd,2755,False,0,0,0,0,0,0
https://github.com/knowm/Yank.git,3c92dcfd7b513fac4485830e3d18bf666773a3cd,3032,False,0,0,0,0,0,0
https://github.com/knowm/Yank.git,3c92dcfd7b513fac4485830e3d18bf666773a3cd,3067,False,0,0,0,0,0,0
https://github.com/knowm/Yank.git,3c92dcfd7b513fac4485830e3d18bf666773a3cd,3984,False,0,0,0,0,0,0
https://github.com/knowm/Yank.git,3c92dcfd7b513fac4485830e3d18bf666773a3cd,4973,False,0,0,0,0,0,0
https://github.com/kungfoo/geohash-java.git,57f317c6c780ddfd0c9adae3a9403eb399d44a91,1217,False,0,0,0,0,0,0
https://github.com/kungfoo/geohash-java.git,57f317c6c780ddfd0c9adae3a9403eb399d44a91,1444,False,0,0,0,0,0,0
https://github.com/kungfoo/geohash-java.git,57f317c6c780ddfd0c9adae3a9403eb399d44a91,1656,False,0,0,0,0,0,0
https://github.com/kungfoo/geohash-java.git,57f317c6c780ddfd0c9adae3a9403eb399d44a91,1854,False,1,0,1,0,1,0
https://github.com/kungfoo/geohash-java.git,57f317c6c780ddfd0c9adae3a9403eb399d44a91,1860,False,0,0,0,0,0,0
https://github.com/kungfoo/geohash-java.git,57f317c6c780ddfd0c9adae3a9403eb399d44a91,1948,False,0,0,0,0,0,0
https://github.com/kungfoo/geohash-java.git,57f317c6c780ddfd0c9adae3a9403eb399d44a91,2057,False,0,0,0,0,0,0
https://github.com/kungfoo/geohash-java.git,57f317c6c780ddfd0c9adae3a9403eb399d44a91,2095,False,0,0,0,0,0,0
https://github.com/kungfoo/geohash-java.git,57f317c6c780ddfd0c9adae3a9403eb399d44a91,2111,False,0,0,0,0,0,0
https://github.com/kungfoo/geohash-java.git,57f317c6c780ddfd0c9adae3a9403eb399d44a91,2116,False,0,0,0,0,0,0
https://github.com/kungfoo/geohash-java.git,57f317c6c780ddfd0c9adae3a9403eb399d44a91,2142,False,0,0,0,0,0,0
https://github.com/kungfoo/geohash-java.git,57f317c6c780ddfd0c9adae3a9403eb399d44a91,2164,False,0,0,0,0,0,0
https://github.com/kungfoo/geohash-java.git,57f317c6c780ddfd0c9adae3a9403eb399d44a91,2167,False,0,0,0,0,0,0
https://github.com/kungfoo/geohash-java.git,57f317c6c780ddfd0c9adae3a9403eb399d44a91,2184,False,2,0,2,0,2,0
https://github.com/kungfoo/geohash-java.git,57f317c6c780ddfd0c9adae3a9403eb399d44a91,2204,False,0,0,0,0,0,0
https://github.com/kungfoo/geohash-java.git,57f317c6c780ddfd0c9adae3a9403eb399d44a91,2225,False,0,0,0,0,0,0
https://github.com/kungfoo/geohash-java.git,57f317c6c780ddfd0c9adae3a9403eb399d44a91,2272,False,0,0,0,0,0,0
https://github.com/kungfoo/geohash-java.git,57f317c6c780ddfd0c9adae3a9403eb399d44a91,2755,False,0,0,0,0,0,0
https://github.com/kungfoo/geohash-java.git,57f317c6c780ddfd0c9adae3a9403eb399d44a91,3032,False,0,0,0,0,0,0
https://github.com/kungfoo/geohash-java.git,57f317c6c780ddfd0c9adae3a9403eb399d44a91,3067,False,0,0,0,0,0,0
https://github.com/kungfoo/geohash-java.git,57f317c6c780ddfd0c9adae3a9403eb399d44a91,3984,False,0,0,0,0,0,0
https://github.com/kungfoo/geohash-java.git,57f317c6c780ddfd0c9adae3a9403eb399d44a91,4973,False,0,0,0,0,0,0
https://github.com/locationtech/jts.git,402acb6e4d8cfb0a1de061811455564176483288,1217,False,0,0,0,0,0,0
https://github.com/locationtech/jts.git,402acb6e4d8cfb0a1de061811455564176483288,1444,False,63,0,63,0,63,0
https://github.com/locationtech/jts.git,402acb6e4d8cfb0a1de061811455564176483288,1656,False,1,1,1,0,0,1
https://github.com/locationtech/jts.git,402acb6e4d8cfb0a1de061811455564176483288,1854,False,179,32,179,0,147,32
https://github.com/locationtech/jts.git,402acb6e4d8cfb0a1de061811455564176483288,1860,False,0,0,0,0,0,0
https://github.com/locationtech/jts.git,402acb6e4d8cfb0a1de061811455564176483288,1948,False,25,0,25,0,25,0
https://github.com/locationtech/jts.git,402acb6e4d8cfb0a1de061811455564176483288,2057,False,8,4,8,0,4,4
https://github.com/locationtech/jts.git,402acb6e4d8cfb0a1de061811455564176483288,2095,False,12,3,11,0,9,2
https://github.com/locationtech/jts.git,402acb6e4d8cfb0a1de061811455564176483288,2111,False,2,0,2,0,2,0
https://github.com/locationtech/jts.git,402acb6e4d8cfb0a1de061811455564176483288,2116,False,0,0,0,0,0,0
https://github.com/locationtech/jts.git,402acb6e4d8cfb0a1de061811455564176483288,2142,False,1,0,1,0,1,0
https://github.com/locationtech/jts.git,402acb6e4d8cfb0a1de061811455564176483288,2164,False,29,25,4,0,4,0
https://github.com/locationtech/jts.git,402acb6e4d8cfb0a1de061811455564176483288,2167,False,0,0,0,0,0,0
https://github.com/locationtech/jts.git,402acb6e4d8cfb0a1de061811455564176483288,2184,False,35,0,34,0,35,-1
https://github.com/locationtech/jts.git,402acb6e4d8cfb0a1de061811455564176483288,2204,False,0,0,0,0,0,0
https://github.com/locationtech/jts.git,402acb6e4d8cfb0a1de061811455564176483288,2225,False,0,0,0,0,0,0
https://github.com/locationtech/jts.git,402acb6e4d8cfb0a1de061811455564176483288,2272,False,2,0,2,0,2,0
https://github.com/locationtech/jts.git,402acb6e4d8cfb0a1de061811455564176483288,2755,False,0,0,0,0,0,0
https://github.com/locationtech/jts.git,402acb6e4d8cfb0a1de061811455564176483288,3032,False,5,0,5,0,5,0
https://github.com/locationtech/jts.git,402acb6e4d8cfb0a1de061811455564176483288,3067,False,0,0,0,0,0,0
https://github.com/locationtech/jts.git,402acb6e4d8cfb0a1de061811455564176483288,3984,False,0,0,0,0,0,0
https://github.com/locationtech/jts.git,402acb6e4d8cfb0a1de061811455564176483288,4973,False,2,0,2,0,2,0
https://github.com/maxcom/lorsource.git,d195bea72c60acd4a0f4ec48a7374ca4ea6c47d8,1217,False,0,0,0,0,0,0
https://github.com/maxcom/lorsource.git,d195bea72c60acd4a0f4ec48a7374ca4ea6c47d8,1444,False,1,0,1,0,1,0
https://github.com/maxcom/lorsource.git,d195bea72c60acd4a0f4ec48a7374ca4ea6c47d8,1656,False,0,0,0,0,0,0
https://github.com/maxcom/lorsource.git,d195bea72c60acd4a0f4ec48a7374ca4ea6c47d8,1854,False,13,2,13,0,11,2
https://github.com/maxcom/lorsource.git,d195bea72c60acd4a0f4ec48a7374ca4ea6c47d8,1860,False,0,0,0,0,0,0
https://github.com/maxcom/lorsource.git,d195bea72c60acd4a0f4ec48a7374ca4ea6c47d8,1948,False,0,0,0,0,0,0
https://github.com/maxcom/lorsource.git,d195bea72c60acd4a0f4ec48a7374ca4ea6c47d8,2057,False,4,0,4,0,4,0
https://github.com/maxcom/lorsource.git,d195bea72c60acd4a0f4ec48a7374ca4ea6c47d8,2095,False,2,1,2,0,1,1
https://github.com/maxcom/lorsource.git,d195bea72c60acd4a0f4ec48a7374ca4ea6c47d8,2111,False,0,0,0,0,0,0
https://github.com/maxcom/lorsource.git,d195bea72c60acd4a0f4ec48a7374ca4ea6c47d8,2116,False,0,0,0,0,0,0
https://github.com/maxcom/lorsource.git,d195bea72c60acd4a0f4ec48a7374ca4ea6c47d8,2142,False,0,0,0,0,0,0
https://github.com/maxcom/lorsource.git,d195bea72c60acd4a0f4ec48a7374ca4ea6c47d8,2164,False,0,0,0,0,0,0
https://github.com/maxcom/lorsource.git,d195bea72c60acd4a0f4ec48a7374ca4ea6c47d8,2167,False,0,0,0,0,0,0
https://github.com/maxcom/lorsource.git,d195bea72c60acd4a0f4ec48a7374ca4ea6c47d8,2184,False,0,0,0,0,0,0
https://github.com/maxcom/lorsource.git,d195bea72c60acd4a0f4ec48a7374ca4ea6c47d8,2204,False,0,0,0,0,0,0
https://github.com/maxcom/lorsource.git,d195bea72c60acd4a0f4ec48a7374ca4ea6c47d8,2225,False,0,0,0,0,0,0
https://github.com/maxcom/lorsource.git,d195bea72c60acd4a0f4ec48a7374ca4ea6c47d8,2272,False,0,0,0,0,0,0
https://github.com/maxcom/lorsource.git,d195bea72c60acd4a0f4ec48a7374ca4ea6c47d8,2755,False,0,0,0,0,0,0
https://github.com/maxcom/lorsource.git,d195bea72c60acd4a0f4ec48a7374ca4ea6c47d8,3032,False,0,0,0,0,0,0
https://github.com/maxcom/lorsource.git,d195bea72c60acd4a0f4ec48a7374ca4ea6c47d8,3067,False,0,0,0,0,0,0
https://github.com/maxcom/lorsource.git,d195bea72c60acd4a0f4ec48a7374ca4ea6c47d8,3984,False,0,0,0,0,0,0
https://github.com/maxcom/lorsource.git,d195bea72c60acd4a0f4ec48a7374ca4ea6c47d8,4973,False,0,0,0,0,0,0
https://github.com/nacos-group/nacos-spring-project.git,cddc2a329aca96b3ac483c2e1e24941101183789,1217,False,0,0,0,0,0,0
https://github.com/nacos-group/nacos-spring-project.git,cddc2a329aca96b3ac483c2e1e24941101183789,1444,False,0,0,0,0,0,0
https://github.com/nacos-group/nacos-spring-project.git,cddc2a329aca96b3ac483c2e1e24941101183789,1656,False,0,0,0,0,0,0
https://github.com/nacos-group/nacos-spring-project.git,cddc2a329aca96b3ac483c2e1e24941101183789,1854,False,3,1,3,0,2,1
https://github.com/nacos-group/nacos-spring-project.git,cddc2a329aca96b3ac483c2e1e24941101183789,1860,False,0,0,0,0,0,0
https://github.com/nacos-group/nacos-spring-project.git,cddc2a329aca96b3ac483c2e1e24941101183789,1948,False,0,0,0,0,0,0
https://github.com/nacos-group/nacos-spring-project.git,cddc2a329aca96b3ac483c2e1e24941101183789,2057,False,0,0,0,0,0,0
https://github.com/nacos-group/nacos-spring-project.git,cddc2a329aca96b3ac483c2e1e24941101183789,2095,False,0,0,0,0,0,0
https://github.com/nacos-group/nacos-spring-project.git,cddc2a329aca96b3ac483c2e1e24941101183789,2111,False,0,0,0,0,0,0
https://github.com/nacos-group/nacos-spring-project.git,cddc2a329aca96b3ac483c2e1e24941101183789,2116,False,0,0,0,0,0,0
https://github.com/nacos-group/nacos-spring-project.git,cddc2a329aca96b3ac483c2e1e24941101183789,2142,False,0,0,0,0,0,0
https://github.com/nacos-group/nacos-spring-project.git,cddc2a329aca96b3ac483c2e1e24941101183789,2164,False,0,0,0,0,0,0
https://github.com/nacos-group/nacos-spring-project.git,cddc2a329aca96b3ac483c2e1e24941101183789,2167,False,0,0,0,0,0,0
https://github.com/nacos-group/nacos-spring-project.git,cddc2a329aca96b3ac483c2e1e24941101183789,2184,False,0,0,0,0,0,0
https://github.com/nacos-group/nacos-spring-project.git,cddc2a329aca96b3ac483c2e1e24941101183789,2204,False,0,0,0,0,0,0
https://github.com/nacos-group/nacos-spring-project.git,cddc2a329aca96b3ac483c2e1e24941101183789,2225,False,0,0,0,0,0,0
https://github.com/nacos-group/nacos-spring-project.git,cddc2a329aca96b3ac483c2e1e24941101183789,2272,False,0,0,0,0,0,0
https://github.com/nacos-group/nacos-spring-project.git,cddc2a329aca96b3ac483c2e1e24941101183789,2755,False,0,0,0,0,0,0
https://github.com/nacos-group/nacos-spring-project.git,cddc2a329aca96b3ac483c2e1e24941101183789,3032,False,0,0,0,0,0,0
https://github.com/nacos-group/nacos-spring-project.git,cddc2a329aca96b3ac483c2e1e24941101183789,3067,False,0,0,0,0,0,0
https://github.com/nacos-group/nacos-spring-project.git,cddc2a329aca96b3ac483c2e1e24941101183789,3984,False,0,0,0,0,0,0
https://github.com/nacos-group/nacos-spring-project.git,cddc2a329aca96b3ac483c2e1e24941101183789,4973,False,0,0,0,0,0,0
https://github.com/networknt/json-schema-validator.git,6cb431f82b41530c35c14f4430e11f3051d82d73,1217,False,0,0,0,0,0,0
https://github.com/networknt/json-schema-validator.git,6cb431f82b41530c35c14f4430e11f3051d82d73,1444,False,0,0,0,0,0,0
https://github.com/networknt/json-schema-validator.git,6cb431f82b41530c35c14f4430e11f3051d82d73,1656,False,0,0,0,0,0,0
https://github.com/networknt/json-schema-validator.git,6cb431f82b41530c35c14f4430e11f3051d82d73,1854,False,4,4,4,0,0,4
https://github.com/networknt/json-schema-validator.git,6cb431f82b41530c35c14f4430e11f3051d82d73,1860,False,0,0,0,0,0,0
https://github.com/networknt/json-schema-validator.git,6cb431f82b41530c35c14f4430e11f3051d82d73,1948,False,0,0,0,0,0,0
https://github.com/networknt/json-schema-validator.git,6cb431f82b41530c35c14f4430e11f3051d82d73,2057,False,0,0,0,0,0,0
https://github.com/networknt/json-schema-validator.git,6cb431f82b41530c35c14f4430e11f3051d82d73,2095,False,0,0,0,0,0,0
https://github.com/networknt/json-schema-validator.git,6cb431f82b41530c35c14f4430e11f3051d82d73,2111,False,1,0,1,0,1,0
https://github.com/networknt/json-schema-validator.git,6cb431f82b41530c35c14f4430e11f3051d82d73,2116,False,0,0,0,0,0,0
https://github.com/networknt/json-schema-validator.git,6cb431f82b41530c35c14f4430e11f3051d82d73,2142,False,4,0,4,0,4,0
https://github.com/networknt/json-schema-validator.git,6cb431f82b41530c35c14f4430e11f3051d82d73,2164,False,0,0,0,0,0,0
https://github.com/networknt/json-schema-validator.git,6cb431f82b41530c35c14f4430e11f3051d82d73,2167,False,0,0,0,0,0,0
https://github.com/networknt/json-schema-validator.git,6cb431f82b41530c35c14f4430e11f3051d82d73,2184,False,0,0,0,0,0,0
https://github.com/networknt/json-schema-validator.git,6cb431f82b41530c35c14f4430e11f3051d82d73,2204,False,0,0,0,0,0,0
https://github.com/networknt/json-schema-validator.git,6cb431f82b41530c35c14f4430e11f3051d82d73,2225,False,0,0,0,0,0,0
https://github.com/networknt/json-schema-validator.git,6cb431f82b41530c35c14f4430e11f3051d82d73,2272,False,0,0,0,0,0,0
https://github.com/networknt/json-schema-validator.git,6cb431f82b41530c35c14f4430e11f3051d82d73,2755,False,0,0,0,0,0,0
https://github.com/networknt/json-schema-validator.git,6cb431f82b41530c35c14f4430e11f3051d82d73,3032,False,4,0,4,0,4,0
https://github.com/networknt/json-schema-validator.git,6cb431f82b41530c35c14f4430e11f3051d82d73,3067,False,0,0,0,0,0,0
https://github.com/networknt/json-schema-validator.git,6cb431f82b41530c35c14f4430e11f3051d82d73,3984,False,0,0,0,0,0,0
https://github.com/networknt/json-schema-validator.git,6cb431f82b41530c35c14f4430e11f3051d82d73,4973,False,0,0,0,0,0,0
https://github.com/opentracing-contrib/java-jdbc.git,b5cb21418cc77795c6ccdd4a55753c6cb4bc8647,1217,False,0,0,0,0,0,0
https://github.com/opentracing-contrib/java-jdbc.git,b5cb21418cc77795c6ccdd4a55753c6cb4bc8647,1444,False,2,0,2,0,2,0
https://github.com/opentracing-contrib/java-jdbc.git,b5cb21418cc77795c6ccdd4a55753c6cb4bc8647,1656,False,0,0,0,0,0,0
https://github.com/opentracing-contrib/java-jdbc.git,b5cb21418cc77795c6ccdd4a55753c6cb4bc8647,1854,False,0,0,0,0,0,0
https://github.com/opentracing-contrib/java-jdbc.git,b5cb21418cc77795c6ccdd4a55753c6cb4bc8647,1860,False,0,0,0,0,0,0
https://github.com/opentracing-contrib/java-jdbc.git,b5cb21418cc77795c6ccdd4a55753c6cb4bc8647,1948,False,0,0,0,0,0,0
https://github.com/opentracing-contrib/java-jdbc.git,b5cb21418cc77795c6ccdd4a55753c6cb4bc8647,2057,False,0,0,0,0,0,0
https://github.com/opentracing-contrib/java-jdbc.git,b5cb21418cc77795c6ccdd4a55753c6cb4bc8647,2095,False,0,0,0,0,0,0
https://github.com/opentracing-contrib/java-jdbc.git,b5cb21418cc77795c6ccdd4a55753c6cb4bc8647,2111,False,0,0,0,0,0,0
https://github.com/opentracing-contrib/java-jdbc.git,b5cb21418cc77795c6ccdd4a55753c6cb4bc8647,2116,False,0,0,0,0,0,0
https://github.com/opentracing-contrib/java-jdbc.git,b5cb21418cc77795c6ccdd4a55753c6cb4bc8647,2142,False,0,0,0,0,0,0
https://github.com/opentracing-contrib/java-jdbc.git,b5cb21418cc77795c6ccdd4a55753c6cb4bc8647,2164,False,0,0,0,0,0,0
https://github.com/opentracing-contrib/java-jdbc.git,b5cb21418cc77795c6ccdd4a55753c6cb4bc8647,2167,False,0,0,0,0,0,0
https://github.com/opentracing-contrib/java-jdbc.git,b5cb21418cc77795c6ccdd4a55753c6cb4bc8647,2184,False,0,0,0,0,0,0
https://github.com/opentracing-contrib/java-jdbc.git,b5cb21418cc77795c6ccdd4a55753c6cb4bc8647,2204,False,0,0,0,0,0,0
https://github.com/opentracing-contrib/java-jdbc.git,b5cb21418cc77795c6ccdd4a55753c6cb4bc8647,2225,False,0,0,0,0,0,0
https://github.com/opentracing-contrib/java-jdbc.git,b5cb21418cc77795c6ccdd4a55753c6cb4bc8647,2272,False,0,0,0,0,0,0
https://github.com/opentracing-contrib/java-jdbc.git,b5cb21418cc77795c6ccdd4a55753c6cb4bc8647,2755,False,0,0,0,0,0,0
https://github.com/opentracing-contrib/java-jdbc.git,b5cb21418cc77795c6ccdd4a55753c6cb4bc8647,3032,False,0,0,0,0,0,0
https://github.com/opentracing-contrib/java-jdbc.git,b5cb21418cc77795c6ccdd4a55753c6cb4bc8647,3067,False,0,0,0,0,0,0
https://github.com/opentracing-contrib/java-jdbc.git,b5cb21418cc77795c6ccdd4a55753c6cb4bc8647,3984,False,0,0,0,0,0,0
https://github.com/opentracing-contrib/java-jdbc.git,b5cb21418cc77795c6ccdd4a55753c6cb4bc8647,4973,False,0,0,0,0,0,0
https://github.com/redpen-cc/redpen.git,cce87e790828cb88dd5c3bfbdcb117d351eb6bbd,1217,False,0,0,0,0,0,0
https://github.com/redpen-cc/redpen.git,cce87e790828cb88dd5c3bfbdcb117d351eb6bbd,1444,False,1,0,1,0,1,0
https://github.com/redpen-cc/redpen.git,cce87e790828cb88dd5c3bfbdcb117d351eb6bbd,1656,False,0,0,0,0,0,0
https://github.com/redpen-cc/redpen.git,cce87e790828cb88dd5c3bfbdcb117d351eb6bbd,1854,False,9,1,9,0,8,1
https://github.com/redpen-cc/redpen.git,cce87e790828cb88dd5c3bfbdcb117d351eb6bbd,1860,False,0,0,0,0,0,0
https://github.com/redpen-cc/redpen.git,cce87e790828cb88dd5c3bfbdcb117d351eb6bbd,1948,False,1,0,1,0,1,0
https://github.com/redpen-cc/redpen.git,cce87e790828cb88dd5c3bfbdcb117d351eb6bbd,2057,False,2,0,2,0,2,0
https://github.com/redpen-cc/redpen.git,cce87e790828cb88dd5c3bfbdcb117d351eb6bbd,2095,False,1,0,1,0,1,0
https://github.com/redpen-cc/redpen.git,cce87e790828cb88dd5c3bfbdcb117d351eb6bbd,2111,False,0,0,0,0,0,0
https://github.com/redpen-cc/redpen.git,cce87e790828cb88dd5c3bfbdcb117d351eb6bbd,2116,False,0,0,0,0,0,0
https://github.com/redpen-cc/redpen.git,cce87e790828cb88dd5c3bfbdcb117d351eb6bbd,2142,False,0,0,0,0,0,0
https://github.com/redpen-cc/redpen.git,cce87e790828cb88dd5c3bfbdcb117d351eb6bbd,2164,False,0,0,0,0,0,0
https://github.com/redpen-cc/redpen.git,cce87e790828cb88dd5c3bfbdcb117d351eb6bbd,2167,False,0,0,0,0,0,0
https://github.com/redpen-cc/redpen.git,cce87e790828cb88dd5c3bfbdcb117d351eb6bbd,2184,False,0,0,0,0,0,0
https://github.com/redpen-cc/redpen.git,cce87e790828cb88dd5c3bfbdcb117d351eb6bbd,2204,False,0,0,0,0,0,0
https://github.com/redpen-cc/redpen.git,cce87e790828cb88dd5c3bfbdcb117d351eb6bbd,2225,False,0,0,0,0,0,0
https://github.com/redpen-cc/redpen.git,cce87e790828cb88dd5c3bfbdcb117d351eb6bbd,2272,False,0,0,0,0,0,0
https://github.com/redpen-cc/redpen.git,cce87e790828cb88dd5c3bfbdcb117d351eb6bbd,2755,False,3,0,3,0,3,0
https://github.com/redpen-cc/redpen.git,cce87e790828cb88dd5c3bfbdcb117d351eb6bbd,3032,False,2,0,2,0,2,0
https://github.com/redpen-cc/redpen.git,cce87e790828cb88dd5c3bfbdcb117d351eb6bbd,3067,False,0,0,0,0,0,0
https://github.com/redpen-cc/redpen.git,cce87e790828cb88dd5c3bfbdcb117d351eb6bbd,3984,False,0,0,0,0,0,0
https://github.com/redpen-cc/redpen.git,cce87e790828cb88dd5c3bfbdcb117d351eb6bbd,4973,False,2,0,2,0,2,0
https://github.com/sematext/solr-redis.git,be73e89911a0a1155f8c10eeefdc8e383cf53adc,1217,False,0,0,0,0,0,0
https://github.com/sematext/solr-redis.git,be73e89911a0a1155f8c10eeefdc8e383cf53adc,1444,False,0,0,0,0,0,0
https://github.com/sematext/solr-redis.git,be73e89911a0a1155f8c10eeefdc8e383cf53adc,1656,False,0,0,0,0,0,0
https://github.com/sematext/solr-redis.git,be73e89911a0a1155f8c10eeefdc8e383cf53adc,1854,False,1,0,1,0,1,0
https://github.com/sematext/solr-redis.git,be73e89911a0a1155f8c10eeefdc8e383cf53adc,1860,False,0,0,0,0,0,0
https://github.com/sematext/solr-redis.git,be73e89911a0a1155f8c10eeefdc8e383cf53adc,1948,False,0,0,0,0,0,0
https://github.com/sematext/solr-redis.git,be73e89911a0a1155f8c10eeefdc8e383cf53adc,2057,False,0,0,0,0,0,0
https://github.com/sematext/solr-redis.git,be73e89911a0a1155f8c10eeefdc8e383cf53adc,2095,False,0,0,0,0,0,0
https://github.com/sematext/solr-redis.git,be73e89911a0a1155f8c10eeefdc8e383cf53adc,2111,False,0,0,0,0,0,0
https://github.com/sematext/solr-redis.git,be73e89911a0a1155f8c10eeefdc8e383cf53adc,2116,False,0,0,0,0,0,0
https://github.com/sematext/solr-redis.git,be73e89911a0a1155f8c10eeefdc8e383cf53adc,2142,False,0,0,0,0,0,0
https://github.com/sematext/solr-redis.git,be73e89911a0a1155f8c10eeefdc8e383cf53adc,2164,False,0,0,0,0,0,0
https://github.com/sematext/solr-redis.git,be73e89911a0a1155f8c10eeefdc8e383cf53adc,2167,False,0,0,0,0,0,0
https://github.com/sematext/solr-redis.git,be73e89911a0a1155f8c10eeefdc8e383cf53adc,2184,False,0,0,0,0,0,0
https://github.com/sematext/solr-redis.git,be73e89911a0a1155f8c10eeefdc8e383cf53adc,2204,False,0,0,0,0,0,0
https://github.com/sematext/solr-redis.git,be73e89911a0a1155f8c10eeefdc8e383cf53adc,2225,False,0,0,0,0,0,0
https://github.com/sematext/solr-redis.git,be73e89911a0a1155f8c10eeefdc8e383cf53adc,2272,False,0,0,0,0,0,0
https://github.com/sematext/solr-redis.git,be73e89911a0a1155f8c10eeefdc8e383cf53adc,2755,False,0,0,0,0,0,0
https://github.com/sematext/solr-redis.git,be73e89911a0a1155f8c10eeefdc8e383cf53adc,3032,False,0,0,0,0,0,0
https://github.com/sematext/solr-redis.git,be73e89911a0a1155f8c10eeefdc8e383cf53adc,3067,False,0,0,0,0,0,0
https://github.com/sematext/solr-redis.git,be73e89911a0a1155f8c10eeefdc8e383cf53adc,3984,False,0,0,0,0,0,0
https://github.com/sematext/solr-redis.git,be73e89911a0a1155f8c10eeefdc8e383cf53adc,4973,False,1,0,1,0,1,0
https://github.com/spoonlabs/sorald.git,5e64028cd82336b34a68c60d314ce1c57b4bf276,1217,False,1,0,1,0,1,0
https://github.com/spoonlabs/sorald.git,5e64028cd82336b34a68c60d314ce1c57b4bf276,1444,False,2,0,2,0,2,0
https://github.com/spoonlabs/sorald.git,5e64028cd82336b34a68c60d314ce1c57b4bf276,1656,False,10,0,10,0,10,0
https://github.com/spoonlabs/sorald.git,5e64028cd82336b34a68c60d314ce1c57b4bf276,1854,False,105,22,99,0,83,16
https://github.com/spoonlabs/sorald.git,5e64028cd82336b34a68c60d314ce1c57b4bf276,1860,False,7,0,7,0,7,0
https://github.com/spoonlabs/sorald.git,5e64028cd82336b34a68c60d314ce1c57b4bf276,1948,False,1,0,1,0,1,0
https://github.com/spoonlabs/sorald.git,5e64028cd82336b34a68c60d314ce1c57b4bf276,2057,False,1,0,1,0,1,0
https://github.com/spoonlabs/sorald.git,5e64028cd82336b34a68c60d314ce1c57b4bf276,2095,False,6,0,6,0,6,0
https://github.com/spoonlabs/sorald.git,5e64028cd82336b34a68c60d314ce1c57b4bf276,2111,False,9,0,9,0,9,0
https://github.com/spoonlabs/sorald.git,5e64028cd82336b34a68c60d314ce1c57b4bf276,2116,False,10,4,6,0,6,0
https://github.com/spoonlabs/sorald.git,5e64028cd82336b34a68c60d314ce1c57b4bf276,2142,False,7,0,7,0,7,0
https://github.com/spoonlabs/sorald.git,5e64028cd82336b34a68c60d314ce1c57b4bf276,2164,False,12,4,8,0,8,0
https://github.com/spoonlabs/sorald.git,5e64028cd82336b34a68c60d314ce1c57b4bf276,2167,False,2,0,2,0,2,0
https://github.com/spoonlabs/sorald.git,5e64028cd82336b34a68c60d314ce1c57b4bf276,2184,False,41,0,41,0,41,0
https://github.com/spoonlabs/sorald.git,5e64028cd82336b34a68c60d314ce1c57b4bf276,2204,False,4,0,4,0,4,0
https://github.com/spoonlabs/sorald.git,5e64028cd82336b34a68c60d314ce1c57b4bf276,2225,False,1,0,1,0,1,0
https://github.com/spoonlabs/sorald.git,5e64028cd82336b34a68c60d314ce1c57b4bf276,2272,False,1,0,1,0,1,0
https://github.com/spoonlabs/sorald.git,5e64028cd82336b34a68c60d314ce1c57b4bf276,2755,False,7,0,7,0,7,0
https://github.com/spoonlabs/sorald.git,5e64028cd82336b34a68c60d314ce1c57b4bf276,3032,False,6,0,6,0,6,0
https://github.com/spoonlabs/sorald.git,5e64028cd82336b34a68c60d314ce1c57b4bf276,3067,False,2,0,2,0,2,0
https://github.com/spoonlabs/sorald.git,5e64028cd82336b34a68c60d314ce1c57b4bf276,3984,False,1,0,1,0,1,0
https://github.com/spoonlabs/sorald.git,5e64028cd82336b34a68c60d314ce1c57b4bf276,4973,False,3,0,3,0,3,0
https://github.com/tobyweston/simple-excel.git,8542db0db72d35f96dfa059f5b1a296ab93e5512,1217,False,0,0,0,0,0,0
https://github.com/tobyweston/simple-excel.git,8542db0db72d35f96dfa059f5b1a296ab93e5512,1444,False,0,0,0,0,0,0
https://github.com/tobyweston/simple-excel.git,8542db0db72d35f96dfa059f5b1a296ab93e5512,1656,False,0,0,0,0,0,0
https://github.com/tobyweston/simple-excel.git,8542db0db72d35f96dfa059f5b1a296ab93e5512,1854,False,0,0,0,0,0,0
https://github.com/tobyweston/simple-excel.git,8542db0db72d35f96dfa059f5b1a296ab93e5512,1860,False,0,0,0,0,0,0
https://github.com/tobyweston/simple-excel.git,8542db0db72d35f96dfa059f5b1a296ab93e5512,1948,False,0,0,0,0,0,0
https://github.com/tobyweston/simple-excel.git,8542db0db72d35f96dfa059f5b1a296ab93e5512,2057,False,0,0,0,0,0,0
https://github.com/tobyweston/simple-excel.git,8542db0db72d35f96dfa059f5b1a296ab93e5512,2095,False,0,0,0,0,0,0
https://github.com/tobyweston/simple-excel.git,8542db0db72d35f96dfa059f5b1a296ab93e5512,2111,False,0,0,0,0,0,0
https://github.com/tobyweston/simple-excel.git,8542db0db72d35f96dfa059f5b1a296ab93e5512,2116,False,0,0,0,0,0,0
https://github.com/tobyweston/simple-excel.git,8542db0db72d35f96dfa059f5b1a296ab93e5512,2142,False,0,0,0,0,0,0
https://github.com/tobyweston/simple-excel.git,8542db0db72d35f96dfa059f5b1a296ab93e5512,2164,False,0,0,0,0,0,0
https://github.com/tobyweston/simple-excel.git,8542db0db72d35f96dfa059f5b1a296ab93e5512,2167,False,0,0,0,0,0,0
https://github.com/tobyweston/simple-excel.git,8542db0db72d35f96dfa059f5b1a296ab93e5512,2184,False,0,0,0,0,0,0
https://github.com/tobyweston/simple-excel.git,8542db0db72d35f96dfa059f5b1a296ab93e5512,2204,False,0,0,0,0,0,0
https://github.com/tobyweston/simple-excel.git,8542db0db72d35f96dfa059f5b1a296ab93e5512,2225,False,0,0,0,0,0,0
https://github.com/tobyweston/simple-excel.git,8542db0db72d35f96dfa059f5b1a296ab93e5512,2272,False,2,0,2,0,2,0
https://github.com/tobyweston/simple-excel.git,8542db0db72d35f96dfa059f5b1a296ab93e5512,2755,False,0,0,0,0,0,0
https://github.com/tobyweston/simple-excel.git,8542db0db72d35f96dfa059f5b1a296ab93e5512,3032,False,0,0,0,0,0,0
https://github.com/tobyweston/simple-excel.git,8542db0db72d35f96dfa059f5b1a296ab93e5512,3067,False,0,0,0,0,0,0
https://github.com/tobyweston/simple-excel.git,8542db0db72d35f96dfa059f5b1a296ab93e5512,3984,False,0,0,0,0,0,0
https://github.com/tobyweston/simple-excel.git,8542db0db72d35f96dfa059f5b1a296ab93e5512,4973,False,0,0,0,0,0,0
https://github.com/verificatum/verificatum-vmn.git,ffc5eeddd64701a86f395aa4fb000160af02c017,1217,False,0,0,0,0,0,0
https://github.com/verificatum/verificatum-vmn.git,ffc5eeddd64701a86f395aa4fb000160af02c017,1444,False,0,0,0,0,0,0
https://github.com/verificatum/verificatum-vmn.git,ffc5eeddd64701a86f395aa4fb000160af02c017,1656,False,0,0,0,0,0,0
https://github.com/verificatum/verificatum-vmn.git,ffc5eeddd64701a86f395aa4fb000160af02c017,1854,False,8,0,8,0,8,0
https://github.com/verificatum/verificatum-vmn.git,ffc5eeddd64701a86f395aa4fb000160af02c017,1860,False,0,0,0,0,0,0
https://github.com/verificatum/verificatum-vmn.git,ffc5eeddd64701a86f395aa4fb000160af02c017,1948,False,0,0,0,0,0,0
https://github.com/verificatum/verificatum-vmn.git,ffc5eeddd64701a86f395aa4fb000160af02c017,2057,False,0,0,0,0,0,0
https://github.com/verificatum/verificatum-vmn.git,ffc5eeddd64701a86f395aa4fb000160af02c017,2095,False,2,0,2,0,2,0
https://github.com/verificatum/verificatum-vmn.git,ffc5eeddd64701a86f395aa4fb000160af02c017,2111,False,0,0,0,0,0,0
https://github.com/verificatum/verificatum-vmn.git,ffc5eeddd64701a86f395aa4fb000160af02c017,2116,False,0,0,0,0,0,0
https://github.com/verificatum/verificatum-vmn.git,ffc5eeddd64701a86f395aa4fb000160af02c017,2142,False,3,0,3,0,3,0
https://github.com/verificatum/verificatum-vmn.git,ffc5eeddd64701a86f395aa4fb000160af02c017,2164,False,0,0,0,0,0,0
https://github.com/verificatum/verificatum-vmn.git,ffc5eeddd64701a86f395aa4fb000160af02c017,2167,False,0,0,0,0,0,0
https://github.com/verificatum/verificatum-vmn.git,ffc5eeddd64701a86f395aa4fb000160af02c017,2184,False,1,0,1,0,1,0
https://github.com/verificatum/verificatum-vmn.git,ffc5eeddd64701a86f395aa4fb000160af02c017,2204,False,0,0,0,0,0,0
https://github.com/verificatum/verificatum-vmn.git,ffc5eeddd64701a86f395aa4fb000160af02c017,2225,False,0,0,0,0,0,0
https://github.com/verificatum/verificatum-vmn.git,ffc5eeddd64701a86f395aa4fb000160af02c017,2272,False,0,0,0,0,0,0
https://github.com/verificatum/verificatum-vmn.git,ffc5eeddd64701a86f395aa4fb000160af02c017,2755,False,0,0,0,0,0,0
https://github.com/verificatum/verificatum-vmn.git,ffc5eeddd64701a86f395aa4fb000160af02c017,3032,False,0,0,0,0,0,0
https://github.com/verificatum/verificatum-vmn.git,ffc5eeddd64701a86f395aa4fb000160af02c017,3067,False,0,0,0,0,0,0
https://github.com/verificatum/verificatum-vmn.git,ffc5eeddd64701a86f395aa4fb000160af02c017,3984,False,0,0,0,0,0,0
https://github.com/verificatum/verificatum-vmn.git,ffc5eeddd64701a86f395aa4fb000160af02c017,4973,False,0,0,0,0,0,0
https://github.com/vert-x3/vertx-codegen.git,526f0d418aa41023d50080ac80511123089e0fe2,1217,False,0,0,0,0,0,0
https://github.com/vert-x3/vertx-codegen.git,526f0d418aa41023d50080ac80511123089e0fe2,1444,False,1,0,1,0,1,0
https://github.com/vert-x3/vertx-codegen.git,526f0d418aa41023d50080ac80511123089e0fe2,1656,False,0,0,0,0,0,0
https://github.com/vert-x3/vertx-codegen.git,526f0d418aa41023d50080ac80511123089e0fe2,1854,False,9,0,9,0,9,0
https://github.com/vert-x3/vertx-codegen.git,526f0d418aa41023d50080ac80511123089e0fe2,1860,False,0,0,0,0,0,0
https://github.com/vert-x3/vertx-codegen.git,526f0d418aa41023d50080ac80511123089e0fe2,1948,False,1,0,1,0,1,0
https://github.com/vert-x3/vertx-codegen.git,526f0d418aa41023d50080ac80511123089e0fe2,2057,False,1,1,1,0,0,1
https://github.com/vert-x3/vertx-codegen.git,526f0d418aa41023d50080ac80511123089e0fe2,2095,False,5,3,4,0,2,2
https://github.com/vert-x3/vertx-codegen.git,526f0d418aa41023d50080ac80511123089e0fe2,2111,False,0,0,0,0,0,0
https://github.com/vert-x3/vertx-codegen.git,526f0d418aa41023d50080ac80511123089e0fe2,2116,False,0,0,0,0,0,0
https://github.com/vert-x3/vertx-codegen.git,526f0d418aa41023d50080ac80511123089e0fe2,2142,False,0,0,0,0,0,0
https://github.com/vert-x3/vertx-codegen.git,526f0d418aa41023d50080ac80511123089e0fe2,2164,False,0,0,0,0,0,0
https://github.com/vert-x3/vertx-codegen.git,526f0d418aa41023d50080ac80511123089e0fe2,2167,False,0,0,0,0,0,0
https://github.com/vert-x3/vertx-codegen.git,526f0d418aa41023d50080ac80511123089e0fe2,2184,False,0,0,0,0,0,0
https://github.com/vert-x3/vertx-codegen.git,526f0d418aa41023d50080ac80511123089e0fe2,2204,False,0,0,0,0,0,0
https://github.com/vert-x3/vertx-codegen.git,526f0d418aa41023d50080ac80511123089e0fe2,2225,False,0,0,0,0,0,0
https://github.com/vert-x3/vertx-codegen.git,526f0d418aa41023d50080ac80511123089e0fe2,2272,False,0,0,0,0,0,0
https://github.com/vert-x3/vertx-codegen.git,526f0d418aa41023d50080ac80511123089e0fe2,2755,False,0,0,0,0,0,0
https://github.com/vert-x3/vertx-codegen.git,526f0d418aa41023d50080ac80511123089e0fe2,3032,False,25,0,25,0,25,0
https://github.com/vert-x3/vertx-codegen.git,526f0d418aa41023d50080ac80511123089e0fe2,3067,False,0,0,0,0,0,0
https://github.com/vert-x3/vertx-codegen.git,526f0d418aa41023d50080ac80511123089e0fe2,3984,False,0,0,0,0,0,0
https://github.com/vert-x3/vertx-codegen.git,526f0d418aa41023d50080ac80511123089e0fe2,4973,False,0,0,0,0,0,0
https://github.com/vert-x3/vertx-jdbc-client.git,267c95ceb7e15050622d33c0fc57afa1a2e9e835,1217,False,0,0,0,0,0,0
https://github.com/vert-x3/vertx-jdbc-client.git,267c95ceb7e15050622d33c0fc57afa1a2e9e835,1444,False,0,0,0,0,0,0
https://github.com/vert-x3/vertx-jdbc-client.git,267c95ceb7e15050622d33c0fc57afa1a2e9e835,1656,False,0,0,0,0,0,0
https://github.com/vert-x3/vertx-jdbc-client.git,267c95ceb7e15050622d33c0fc57afa1a2e9e835,1854,False,20,1,20,0,19,1
https://github.com/vert-x3/vertx-jdbc-client.git,267c95ceb7e15050622d33c0fc57afa1a2e9e835,1860,False,0,0,0,0,0,0
https://github.com/vert-x3/vertx-jdbc-client.git,267c95ceb7e15050622d33c0fc57afa1a2e9e835,1948,False,0,0,0,0,0,0
https://github.com/vert-x3/vertx-jdbc-client.git,267c95ceb7e15050622d33c0fc57afa1a2e9e835,2057,False,0,0,0,0,0,0
https://github.com/vert-x3/vertx-jdbc-client.git,267c95ceb7e15050622d33c0fc57afa1a2e9e835,2095,False,0,0,0,0,0,0
https://github.com/vert-x3/vertx-jdbc-client.git,267c95ceb7e15050622d33c0fc57afa1a2e9e835,2111,False,0,0,0,0,0,0
https://github.com/vert-x3/vertx-jdbc-client.git,267c95ceb7e15050622d33c0fc57afa1a2e9e835,2116,False,0,0,0,0,0,0
https://github.com/vert-x3/vertx-jdbc-client.git,267c95ceb7e15050622d33c0fc57afa1a2e9e835,2142,False,9,0,9,0,9,0
https://github.com/vert-x3/vertx-jdbc-client.git,267c95ceb7e15050622d33c0fc57afa1a2e9e835,2164,False,0,0,0,0,0,0
https://github.com/vert-x3/vertx-jdbc-client.git,267c95ceb7e15050622d33c0fc57afa1a2e9e835,2167,False,0,0,0,0,0,0
https://github.com/vert-x3/vertx-jdbc-client.git,267c95ceb7e15050622d33c0fc57afa1a2e9e835,2184,False,1,0,1,0,1,0
https://github.com/vert-x3/vertx-jdbc-client.git,267c95ceb7e15050622d33c0fc57afa1a2e9e835,2204,False,0,0,0,0,0,0
https://github.com/vert-x3/vertx-jdbc-client.git,267c95ceb7e15050622d33c0fc57afa1a2e9e835,2225,False,0,0,0,0,0,0
https://github.com/vert-x3/vertx-jdbc-client.git,267c95ceb7e15050622d33c0fc57afa1a2e9e835,2272,False,0,0,0,0,0,0
https://github.com/vert-x3/vertx-jdbc-client.git,267c95ceb7e15050622d33c0fc57afa1a2e9e835,2755,False,0,0,0,0,0,0
https://github.com/vert-x3/vertx-jdbc-client.git,267c95ceb7e15050622d33c0fc57afa1a2e9e835,3032,False,1,0,1,0,1,0
https://github.com/vert-x3/vertx-jdbc-client.git,267c95ceb7e15050622d33c0fc57afa1a2e9e835,3067,False,0,0,0,0,0,0
https://github.com/vert-x3/vertx-jdbc-client.git,267c95ceb7e15050622d33c0fc57afa1a2e9e835,3984,False,0,0,0,0,0,0
https://github.com/vert-x3/vertx-jdbc-client.git,267c95ceb7e15050622d33c0fc57afa1a2e9e835,4973,False,0,0,0,0,0,0
https://github.com/vert-x3/vertx-kafka-client.git,4a1cd77e827363186ede2748b4cdc37950d9e5b2,1217,False,0,0,0,0,0,0
https://github.com/vert-x3/vertx-kafka-client.git,4a1cd77e827363186ede2748b4cdc37950d9e5b2,1444,False,0,0,0,0,0,0
https://github.com/vert-x3/vertx-kafka-client.git,4a1cd77e827363186ede2748b4cdc37950d9e5b2,1656,False,0,0,0,0,0,0
https://github.com/vert-x3/vertx-kafka-client.git,4a1cd77e827363186ede2748b4cdc37950d9e5b2,1854,False,12,0,12,0,12,0
https://github.com/vert-x3/vertx-kafka-client.git,4a1cd77e827363186ede2748b4cdc37950d9e5b2,1860,False,0,0,0,0,0,0
https://github.com/vert-x3/vertx-kafka-client.git,4a1cd77e827363186ede2748b4cdc37950d9e5b2,1948,False,0,0,0,0,0,0
https://github.com/vert-x3/vertx-kafka-client.git,4a1cd77e827363186ede2748b4cdc37950d9e5b2,2057,False,1,1,1,0,0,1
https://github.com/vert-x3/vertx-kafka-client.git,4a1cd77e827363186ede2748b4cdc37950d9e5b2,2095,False,0,0,0,0,0,0
https://github.com/vert-x3/vertx-kafka-client.git,4a1cd77e827363186ede2748b4cdc37950d9e5b2,2111,False,0,0,0,0,0,0
https://github.com/vert-x3/vertx-kafka-client.git,4a1cd77e827363186ede2748b4cdc37950d9e5b2,2116,False,0,0,0,0,0,0
https://github.com/vert-x3/vertx-kafka-client.git,4a1cd77e827363186ede2748b4cdc37950d9e5b2,2142,False,0,0,0,0,0,0
https://github.com/vert-x3/vertx-kafka-client.git,4a1cd77e827363186ede2748b4cdc37950d9e5b2,2164,False,0,0,0,0,0,0
https://github.com/vert-x3/vertx-kafka-client.git,4a1cd77e827363186ede2748b4cdc37950d9e5b2,2167,False,0,0,0,0,0,0
https://github.com/vert-x3/vertx-kafka-client.git,4a1cd77e827363186ede2748b4cdc37950d9e5b2,2184,False,0,0,0,0,0,0
https://github.com/vert-x3/vertx-kafka-client.git,4a1cd77e827363186ede2748b4cdc37950d9e5b2,2204,False,0,0,0,0,0,0
https://github.com/vert-x3/vertx-kafka-client.git,4a1cd77e827363186ede2748b4cdc37950d9e5b2,2225,False,0,0,0,0,0,0
https://github.com/vert-x3/vertx-kafka-client.git,4a1cd77e827363186ede2748b4cdc37950d9e5b2,2272,False,0,0,0,0,0,0
https://github.com/vert-x3/vertx-kafka-client.git,4a1cd77e827363186ede2748b4cdc37950d9e5b2,2755,False,0,0,0,0,0,0
https://github.com/vert-x3/vertx-kafka-client.git,4a1cd77e827363186ede2748b4cdc37950d9e5b2,3032,False,0,0,0,0,0,0
https://github.com/vert-x3/vertx-kafka-client.git,4a1cd77e827363186ede2748b4cdc37950d9e5b2,3067,False,0,0,0,0,0,0
https://github.com/vert-x3/vertx-kafka-client.git,4a1cd77e827363186ede2748b4cdc37950d9e5b2,3984,False,0,0,0,0,0,0
https://github.com/vert-x3/vertx-kafka-client.git,4a1cd77e827363186ede2748b4cdc37950d9e5b2,4973,False,0,0,0,0,0,0
https://github.com/wmixvideo/nfe.git,d0b2ce5ea0749448b1b3dbb9bef88d7eccd05240,1217,False,0,0,0,0,0,0
https://github.com/wmixvideo/nfe.git,d0b2ce5ea0749448b1b3dbb9bef88d7eccd05240,1444,False,0,0,0,0,0,0
https://github.com/wmixvideo/nfe.git,d0b2ce5ea0749448b1b3dbb9bef88d7eccd05240,1656,False,0,0,0,0,0,0
https://github.com/wmixvideo/nfe.git,d0b2ce5ea0749448b1b3dbb9bef88d7eccd05240,1854,False,100,0,100,0,100,0
https://github.com/wmixvideo/nfe.git,d0b2ce5ea0749448b1b3dbb9bef88d7eccd05240,1860,False,0,0,0,0,0,0
https://github.com/wmixvideo/nfe.git,d0b2ce5ea0749448b1b3dbb9bef88d7eccd05240,1948,False,0,0,0,0,0,0
https://github.com/wmixvideo/nfe.git,d0b2ce5ea0749448b1b3dbb9bef88d7eccd05240,2057,False,0,0,0,0,0,0
https://github.com/wmixvideo/nfe.git,d0b2ce5ea0749448b1b3dbb9bef88d7eccd05240,2095,False,0,0,0,0,0,0
https://github.com/wmixvideo/nfe.git,d0b2ce5ea0749448b1b3dbb9bef88d7eccd05240,2111,False,0,0,0,0,0,0
https://github.com/wmixvideo/nfe.git,d0b2ce5ea0749448b1b3dbb9bef88d7eccd05240,2116,False,0,0,0,0,0,0
https://github.com/wmixvideo/nfe.git,d0b2ce5ea0749448b1b3dbb9bef88d7eccd05240,2142,False,0,0,0,0,0,0
https://github.com/wmixvideo/nfe.git,d0b2ce5ea0749448b1b3dbb9bef88d7eccd05240,2164,False,0,0,0,0,0,0
https://github.com/wmixvideo/nfe.git,d0b2ce5ea0749448b1b3dbb9bef88d7eccd05240,2167,False,0,0,0,0,0,0
https://github.com/wmixvideo/nfe.git,d0b2ce5ea0749448b1b3dbb9bef88d7eccd05240,2184,False,0,0,0,0,0,0
https://github.com/wmixvideo/nfe.git,d0b2ce5ea0749448b1b3dbb9bef88d7eccd05240,2204,False,0,0,0,0,0,0
https://github.com/wmixvideo/nfe.git,d0b2ce5ea0749448b1b3dbb9bef88d7eccd05240,2225,False,0,0,0,0,0,0
https://github.com/wmixvideo/nfe.git,d0b2ce5ea0749448b1b3dbb9bef88d7eccd05240,2272,False,0,0,0,0,0,0
https://github.com/wmixvideo/nfe.git,d0b2ce5ea0749448b1b3dbb9bef88d7eccd05240,2755,False,14,6,8,0,8,0
https://github.com/wmixvideo/nfe.git,d0b2ce5ea0749448b1b3dbb9bef88d7eccd05240,3032,False,6,0,6,0,6,0
https://github.com/wmixvideo/nfe.git,d0b2ce5ea0749448b1b3dbb9bef88d7eccd05240,3067,False,0,0,0,0,0,0
https://github.com/wmixvideo/nfe.git,d0b2ce5ea0749448b1b3dbb9bef88d7eccd05240,3984,False,0,0,0,0,0,0
https://github.com/wmixvideo/nfe.git,d0b2ce5ea0749448b1b3dbb9bef88d7eccd05240,4973,False,0,0,0,0,0,0
https://github.com/wstrange/GoogleAuth.git,5cc0970ed6a269468c5552bbe0268c64012fae8b,1217,False,0,0,0,0,0,0
https://github.com/wstrange/GoogleAuth.git,5cc0970ed6a269468c5552bbe0268c64012fae8b,1444,False,0,0,0,0,0,0
https://github.com/wstrange/GoogleAuth.git,5cc0970ed6a269468c5552bbe0268c64012fae8b,1656,False,0,0,0,0,0,0
https://github.com/wstrange/GoogleAuth.git,5cc0970ed6a269468c5552bbe0268c64012fae8b,1854,False,0,0,0,0,0,0
https://github.com/wstrange/GoogleAuth.git,5cc0970ed6a269468c5552bbe0268c64012fae8b,1860,False,0,0,0,0,0,0
https://github.com/wstrange/GoogleAuth.git,5cc0970ed6a269468c5552bbe0268c64012fae8b,1948,False,0,0,0,0,0,0
https://github.com/wstrange/GoogleAuth.git,5cc0970ed6a269468c5552bbe0268c64012fae8b,2057,False,0,0,0,0,0,0
https://github.com/wstrange/GoogleAuth.git,5cc0970ed6a269468c5552bbe0268c64012fae8b,2095,False,2,1,1,0,1,0
https://github.com/wstrange/GoogleAuth.git,5cc0970ed6a269468c5552bbe0268c64012fae8b,2111,False,0,0,0,0,0,0
https://github.com/wstrange/GoogleAuth.git,5cc0970ed6a269468c5552bbe0268c64012fae8b,2116,False,0,0,0,0,0,0
https://github.com/wstrange/GoogleAuth.git,5cc0970ed6a269468c5552bbe0268c64012fae8b,2142,False,0,0,0,0,0,0
https://github.com/wstrange/GoogleAuth.git,5cc0970ed6a269468c5552bbe0268c64012fae8b,2164,False,0,0,0,0,0,0
https://github.com/wstrange/GoogleAuth.git,5cc0970ed6a269468c5552bbe0268c64012fae8b,2167,False,0,0,0,0,0,0
https://github.com/wstrange/GoogleAuth.git,5cc0970ed6a269468c5552bbe0268c64012fae8b,2184,False,0,0,0,0,0,0
https://github.com/wstrange/GoogleAuth.git,5cc0970ed6a269468c5552bbe0268c64012fae8b,2204,False,0,0,0,0,0,0
https://github.com/wstrange/GoogleAuth.git,5cc0970ed6a269468c5552bbe0268c64012fae8b,2225,False,0,0,0,0,0,0
https://github.com/wstrange/GoogleAuth.git,5cc0970ed6a269468c5552bbe0268c64012fae8b,2272,False,0,0,0,0,0,0
https://github.com/wstrange/GoogleAuth.git,5cc0970ed6a269468c5552bbe0268c64012fae8b,2755,False,0,0,0,0,0,0
https://github.com/wstrange/GoogleAuth.git,5cc0970ed6a269468c5552bbe0268c64012fae8b,3032,False,0,0,0,0,0,0
https://github.com/wstrange/GoogleAuth.git,5cc0970ed6a269468c5552bbe0268c64012fae8b,3067,False,0,0,0,0,0,0
https://github.com/wstrange/GoogleAuth.git,5cc0970ed6a269468c5552bbe0268c64012fae8b,3984,False,0,0,0,0,0,0
https://github.com/wstrange/GoogleAuth.git,5cc0970ed6a269468c5552bbe0268c64012fae8b,4973,False,0,0,0,0,0,0
https://github.com/xjodoin/torpedoquery.git,da8b5ad47115375a40d9a9b059cbfee615eb41ca,1217,False,0,0,0,0,0,0
https://github.com/xjodoin/torpedoquery.git,da8b5ad47115375a40d9a9b059cbfee615eb41ca,1444,False,0,0,0,0,0,0
https://github.com/xjodoin/torpedoquery.git,da8b5ad47115375a40d9a9b059cbfee615eb41ca,1656,False,0,0,0,0,0,0
https://github.com/xjodoin/torpedoquery.git,da8b5ad47115375a40d9a9b059cbfee615eb41ca,1854,False,4,0,4,0,4,0
https://github.com/xjodoin/torpedoquery.git,da8b5ad47115375a40d9a9b059cbfee615eb41ca,1860,False,0,0,0,0,0,0
https://github.com/xjodoin/torpedoquery.git,da8b5ad47115375a40d9a9b059cbfee615eb41ca,1948,False,0,0,0,0,0,0
https://github.com/xjodoin/torpedoquery.git,da8b5ad47115375a40d9a9b059cbfee615eb41ca,2057,False,2,0,2,0,2,0
https://github.com/xjodoin/torpedoquery.git,da8b5ad47115375a40d9a9b059cbfee615eb41ca,2095,False,0,0,0,0,0,0
https://github.com/xjodoin/torpedoquery.git,da8b5ad47115375a40d9a9b059cbfee615eb41ca,2111,False,0,0,0,0,0,0
https://github.com/xjodoin/torpedoquery.git,da8b5ad47115375a40d9a9b059cbfee615eb41ca,2116,False,0,0,0,0,0,0
https://github.com/xjodoin/torpedoquery.git,da8b5ad47115375a40d9a9b059cbfee615eb41ca,2142,False,0,0,0,0,0,0
https://github.com/xjodoin/torpedoquery.git,da8b5ad47115375a40d9a9b059cbfee615eb41ca,2164,False,0,0,0,0,0,0
https://github.com/xjodoin/torpedoquery.git,da8b5ad47115375a40d9a9b059cbfee615eb41ca,2167,False,0,0,0,0,0,0
https://github.com/xjodoin/torpedoquery.git,da8b5ad47115375a40d9a9b059cbfee615eb41ca,2184,False,0,0,0,0,0,0
https://github.com/xjodoin/torpedoquery.git,da8b5ad47115375a40d9a9b059cbfee615eb41ca,2204,False,0,0,0,0,0,0
https://github.com/xjodoin/torpedoquery.git,da8b5ad47115375a40d9a9b059cbfee615eb41ca,2225,False,0,0,0,0,0,0
https://github.com/xjodoin/torpedoquery.git,da8b5ad47115375a40d9a9b059cbfee615eb41ca,2272,False,0,0,0,0,0,0
https://github.com/xjodoin/torpedoquery.git,da8b5ad47115375a40d9a9b059cbfee615eb41ca,2755,False,0,0,0,0,0,0
https://github.com/xjodoin/torpedoquery.git,da8b5ad47115375a40d9a9b059cbfee615eb41ca,3032,False,3,0,3,0,3,0
https://github.com/xjodoin/torpedoquery.git,da8b5ad47115375a40d9a9b059cbfee615eb41ca,3067,False,0,0,0,0,0,0
https://github.com/xjodoin/torpedoquery.git,da8b5ad47115375a40d9a9b059cbfee615eb41ca,3984,False,0,0,0,0,0,0
https://github.com/xjodoin/torpedoquery.git,da8b5ad47115375a40d9a9b059cbfee615eb41ca,4973,False,0,0,0,0,0,0
